INSERT INTO "NavMenu" ("path","name") values ('/tracking','Tracking');
INSERT INTO "NavMenu" ("path","name") values ('/tempoary','Tempoary');
INSERT INTO "NavMenu" ("path","name") values ('/transport','Transport');
INSERT INTO "NavMenu" ("path","name") values ('/update','Update');
INSERT INTO "NavMenu" ("path","name") values ('/view','View');
INSERT INTO "NavMenu" ("path","name") values ('/pfbs','PFBS');
INSERT INTO "NavMenu" ("path","name") values ('/cfbs','CFBS');
INSERT INTO "NavMenu" ("path","name") values ('/equipment','Equipment');
INSERT INTO "NavMenu" ("path","name") values ('/other','Other');
INSERT INTO "NavMenu" ("path","name") values ('/oqa','OQA');
INSERT INTO "NavMenu" ("path","name") values ('/misc','Misc');


INSERT INTO "NavFunc" ("path","name","nav_path") values ('/tracking/jpre'  ,'Job Prepare','/tracking');
INSERT INTO "NavFunc" ("path","name","nav_path") values ('/tracking/jprec'  ,'Job Prepare Cancel','/tracking');
INSERT INTO "NavFunc" ("path","name","nav_path") values ('/tracking/ji'  ,'Job In','/tracking');
INSERT INTO "NavFunc" ("path","name","nav_path") values ('/tracking/jic'  ,'Job In Cancel','/tracking');
INSERT INTO "NavFunc" ("path","name","nav_path") values ('/tracking/dcol'  ,'Data Collection','/tracking');
INSERT INTO "NavFunc" ("path","name","nav_path") values ('/tracking/jo'  ,'Job Out','/tracking');
INSERT INTO "NavFunc" ("path","name","nav_path") values ('/tracking/nonlotdc'  ,'Non Lot Dcoll','/tracking');
INSERT INTO "NavFunc" ("path","name","nav_path") values ('/tracking/nonlotjic'  ,'Non Lot Job In Cancel','/tracking');
INSERT INTO "NavFunc" ("path","name","nav_path") values ('/tracking/mvloc'  ,'Move To Location','/tracking');
INSERT INTO "NavFunc" ("path","name","nav_path") values ('/tracking/bankout'  ,'Bank Out','/tracking');
INSERT INTO "NavFunc" ("path","name","nav_path") values ('/tracking/backup'  ,'Back Up','/tracking');
INSERT INTO "NavFunc" ("path","name","nav_path") values ('/tracking/skip'  ,'Skip','/tracking');
INSERT INTO "NavFunc" ("path","name","nav_path") values ('/tracking/hold'  ,'Hold','/tracking');
INSERT INTO "NavFunc" ("path","name","nav_path") values ('/tracking/runhold'  ,'Run Hold','/tracking');
INSERT INTO "NavFunc" ("path","name","nav_path") values ('/tracking/release'  ,'Release','/tracking');
INSERT INTO "NavFunc" ("path","name","nav_path") values ('/tracking/rework'  ,'Rework','/tracking');
INSERT INTO "NavFunc" ("path","name","nav_path") values ('/tracking/merge'  ,'Merge','/tracking');
INSERT INTO "NavFunc" ("path","name","nav_path") values ('/tracking/split'  ,'Split','/tracking');
INSERT INTO "NavFunc" ("path","name","nav_path") values ('/tracking/presplit'  ,'Prepare Split','/tracking');
INSERT INTO "NavFunc" ("path","name","nav_path") values ('/tracking/split-rework'  ,'Split-Rework','/tracking');
INSERT INTO "NavFunc" ("path","name","nav_path") values ('/tracking/brokenwafer'  ,'Broken Wafer Procedure','/tracking');
INSERT INTO "NavFunc" ("path","name","nav_path") values ('/tracking/altop'  ,'Eap Choose Alt Operation','/tracking');
INSERT INTO "NavFunc" ("path","name","nav_path") values ('/tracking/eocap'  ,'EOCAP','/tracking');
INSERT INTO "NavFunc" ("path","name","nav_path") values ('/tracking/lotstart'  ,'Lot Start','/tracking');
INSERT INTO "NavFunc" ("path","name","nav_path") values ('/tracking/lotstartnew'  ,'Lot Start New','/tracking');
INSERT INTO "NavFunc" ("path","name","nav_path") values ('/tempoary/wrc'  ,'Wrc New Part','/tempoary');
INSERT INTO "NavFunc" ("path","name","nav_path") values ('/transport/shopfloor' ,'Shopfloor Query','/transport');
INSERT INTO "NavFunc" ("path","name","nav_path") values ('/update/lot'    ,'Update Lot','/update');
INSERT INTO "NavFunc" ("path","name","nav_path") values ('/update/lotcmt'    ,'Update Lot Comment','/update');
INSERT INTO "NavFunc" ("path","name","nav_path") values ('/update/eqprunlot'    ,'Update Eqp Running Lot List','/update');
INSERT INTO "NavFunc" ("path","name","nav_path") values ('/update/pwd'    ,'Change Password','/update');
INSERT INTO "NavFunc" ("path","name","nav_path") values ('/update/taginfo'    ,'Taginfo Update','/update');
INSERT INTO "NavFunc" ("path","name","nav_path") values ('/update/taginfolot'    ,'Taginfo Update Lot','/update');
INSERT INTO "NavFunc" ("path","name","nav_path") values ('/update/taginfodmylot'    ,'Taginfo Update Dummy Lot','/update');
INSERT INTO "NavFunc" ("path","name","nav_path") values ('/view/runstatus'      ,'Run Status Inquiry','/view');
INSERT INTO "NavFunc" ("path","name","nav_path") values ('/view/eqpstatus'      ,'Eqp Status Inquiry','/view');
INSERT INTO "NavFunc" ("path","name","nav_path") values ('/view/nonlotreport'      ,'Non Lot Generally Report','/view');
INSERT INTO "NavFunc" ("path","name","nav_path") values ('/view/futurehold'      ,'View Future Hold Lot','/view');
INSERT INTO "NavFunc" ("path","name","nav_path") values ('/view/gotoweb'      ,'Go To Web','/view');
INSERT INTO "NavFunc" ("path","name","nav_path") values ('/pfbs/ji'      ,'PFBS Job In','/pfbs');
INSERT INTO "NavFunc" ("path","name","nav_path") values ('/pfbs/jic'      ,'PFBS Job In Cancel','/pfbs');
INSERT INTO "NavFunc" ("path","name","nav_path") values ('/pfbs/dcol'      ,'PFBS Data Collection','/pfbs');
INSERT INTO "NavFunc" ("path","name","nav_path") values ('/pfbs/jo'      ,'PFBS Job Out','/pfbs');
INSERT INTO "NavFunc" ("path","name","nav_path") values ('/cfbs/ji'      ,'CFBS Job In','/cfbs');
INSERT INTO "NavFunc" ("path","name","nav_path") values ('/cfbs/jic'      ,'CFBS Job In Cancel','/cfbs');
INSERT INTO "NavFunc" ("path","name","nav_path") values ('/cfbs/dcol'      ,'CFBS Data Collection','/cfbs');
INSERT INTO "NavFunc" ("path","name","nav_path") values ('/cfbs/jo'      ,'CFBS Job Out','/cfbs');
INSERT INTO "NavFunc" ("path","name","nav_path") values ('/equipment/changestatus' ,'Equipment Status Change','/equipment');
INSERT INTO "NavFunc" ("path","name","nav_path") values ('/other/dispatch'     ,'Dispatch Query & Pull','/other');
INSERT INTO "NavFunc" ("path","name","nav_path") values ('/other/rtclstatqry'     ,'Reticle Status Query','/other');
INSERT INTO "NavFunc" ("path","name","nav_path") values ('/other/rtcltakeout'     ,'Reticle Takeout/Return','/other');
INSERT INTO "NavFunc" ("path","name","nav_path") values ('/other/rtcleqp'     ,'Reticle/EqpId Maint.','/other');
INSERT INTO "NavFunc" ("path","name","nav_path") values ('/other/rtclpart'     ,'Reticle/PartId Maint.','/other');
INSERT INTO "NavFunc" ("path","name","nav_path") values ('/other/rtclpartqry'     ,'Reticle/PartId Query','/other');
INSERT INTO "NavFunc" ("path","name","nav_path") values ('/other/rtclhistqry'     ,'Reticle Hist Query','/other');
INSERT INTO "NavFunc" ("path","name","nav_path") values ('/other/rtclrtn'     ,'Reticle Return Confirmation','/other');
INSERT INTO "NavFunc" ("path","name","nav_path") values ('/other/rtclstaus'     ,'Reticle Status Change','/other');
INSERT INTO "NavFunc" ("path","name","nav_path") values ('/other/rtclacc'     ,'Reticle Acceptance','/other');
INSERT INTO "NavFunc" ("path","name","nav_path") values ('/other/rtcluser'     ,'Reticle User Maint.','/other');
INSERT INTO "NavFunc" ("path","name","nav_path") values ('/other/rtcllot'     ,'Reticle Query Lot-Reticle','/other');
INSERT INTO "NavFunc" ("path","name","nav_path") values ('/other/prodreticle'     ,'View PROD Reticle','/other');
INSERT INTO "NavFunc" ("path","name","nav_path") values ('/other/lotmask'     ,'Lot Mask','/other');
INSERT INTO "NavFunc" ("path","name","nav_path") values ('/other/lotmaskqry'     ,'Lot Mask Query','/other');
INSERT INTO "NavFunc" ("path","name","nav_path") values ('/oqa/split'       ,'SPDN Split','/oqa');
INSERT INTO "NavFunc" ("path","name","nav_path") values ('/oqa/query'       ,'SPDN Query','/oqa');
INSERT INTO "NavFunc" ("path","name","nav_path") values ('/oqa/spec'       ,'SPDN Spec','/oqa');
INSERT INTO "NavFunc" ("path","name","nav_path") values ('/misc/eap'      ,'EAP','/misc');


-- back up data:
INSERT INTO "ApiMessage" ("name", "func", "edition0", "sendto0", "received0", "edition1", "sendto1", "received1", "created_at", "updated_at", "hdr", "comment0", "comment1", "scenario", "send_p0", "received_p0", "send_p1", "received_p1", "scenario_no") VALUES('GETLOTINFO', 'Skip', 'Xp', '05-30  09:49:19 [Send Data]267GETLOTINFO HDR=QUERY_SRV,FANET,CRMCQ-MES-XP-12,SKIP  LOT=HUF01332.1 ', '05-30  09:49:20 [Received Data]GETLOTINFOR HDR=QUERY_SRV,FANET,CRMCQ-MES-XP-12,SKIP RCD=0 PARENTID=HUF01332.1 ISPREPARED=N DCSPECID= HOLDDATE= HOLDUSER="" HOLDCODE= HOLDNOTE="" HOLDPASSWD= ORIGINALLOT=HUF01332.1 CHILDSEQNO=0 OWNER=PQ01391 CREATECODE= EQPTYPE=DOS ISDCREQUIRED=N ISIDENTIFIED=Y STARTQTY=25 ISECNLOT=N ISEJOBPREPED=N ISINSMIF=Y ISPLANNEDHOLD=N PLANNEDHOLDPROCEDUREID= PLANNEDHOLDOPERATIONID= PLANNEDHOLDINSTNUM= ISSAMPLED=N CATEGORY=NORMAL TEMPTYPE=  CST= DIEQUANITY=0 MAINEQPID= COMPONENTIDLIST=HUF01332.1,HUF01332.2,HUF01332.3,HUF01332.4,HUF01332.5,HUF01332.6,HUF01332.7,HUF01332.8,HUF01332.9,HUF01332.10,HUF01332.11,HUF01332.12,HUF01332.13,HUF01332.14,HUF01332.15,HUF01332.16,HUF01332.17,HUF01332.18,HUF01332.19,HUF01332.20,HUF01332.21,HUF01332.22,HUF01332.23,HUF01332.24,HUF01332.25 SAMPLEDDATA="" PREVPROCEDUREID=10V70AHUFHF_140_INITIAL_OXBF.01 PREVINSTNUM=1.00000 PREVOPERATIONID= NEXTPROCEDUREID=10V70AHUFHF_140_INITIAL_OXBF.01 NEXTINSTNUM=003.000 NEXTOPERATIONID=MSOACO.01 RECIPEID=KB36D13 EAPCHECK= NEWBOXTYPE=NONMETAL NEWPRTYPE=N TOPODTYPE= CHECKFLAG=N PPID_FLAG=N DOWNID= CONSTRAINTID= UPID= IDLEID= DEFAULT_CHAMBER= DIFF_BATCHLOT= BIGPARTICLE_DATA= TOTALPARTICLE_DATA= MEASUREWFR="" WAFERMOUNTERMSG=N MTYPE= LOTDIE=0 TCS_LAST= SPLITFUNCSHOWFLAG=0 MONITOR_MOTHER= MONITOR_PARTNUMBER= NONLOT_TIME= PARTICLE_SPEC= FUR_SINGLE= FUR_TOOL= FUR_PROCESS= PRE_SORTER= PRE_SORTER_LIST= PRE_SORTER_NUMBER= PRE_SPLIT_REASON= PRE_MERGE_TITLE="" PRE_MERGE_PROCDUREID= PRE_MERGE_ST EP="" PRE_MERGE_INSTNUM= PRE_RWK_CODE= PRE_RWK_CMT="" PRE_RWK_TYPE= PRE_RWK_PROCDUREID= PRE_RWK_START= PRE_RWK_END= JIDBCHKCANCELFLAG=N SAMPLELOSSWAFER= BGD_FLAG= REVERSE_FLAG= SORTERMERGE_FLAG= MERGELOTLIST= BOOK_OTHERID= BOOK_QTYOTHER= BOOK_FLAG= PRODFLAG=Y VCUST_FLAG=A ORDERNUM=Q68XP DUMMYPART_FLAG= DUMMYOUT_FLAG= NON_FLAG=N SIDE_ACTUAL_COUNT=0 SIDE_TARGET= SIDE_ACTUAL_QTY= LOTNUMID= LOTADDTESTWAFER= BATCH_FLAG= KE803DUMMY= UN_USE_WAFER= USE_WAFER= CUR_WAFER= E_IRR= I_CAT= ED_ACTUAL_COUNT=0 ED_TARGET= SDLOTID= EDLOTID= RWK_FLAG=N PLY_FLAG=N PLANNEDHOLDREASON="" LOTDATA="LOT=HUF01332.1    CURRENTQTY=25    LOCATION=INFAB    HOSTLOCATION=FURNACE    LOTSTATE=WAIT    PROC=10V70AHUFHF_140_INITIAL_OXBF.01    INST=002.000    EQP=    EQPTYPE=DOS    OP=PFOAC9.01    PPID=KB36D13    PART=H70A650V01SFBF.01    RETICLE=    LOTTYPE=P1   CATEGORY=NORMAL    TEMPTYPE=     STK=B11D13-3    WIPRACKID=NOUPDATE    WIPRACKSLOT=1    PRIORITY=3    CLASS=NORMAL    BATCHID=    ENGNOTE=""   OPDESC="INITIAL OXIDATION"   STAGE="INITIAL OX"    DUEDATE=2023/05/10_08:52:00   JOBOUTDATE=2023/03/18_11:52:45    KEYPARM=""    LOTCMT=""    CUSTOMER="Q68X"    CR2="PROD"    STEPCMT="""  ', 'win10', '[2023-05-30  09:47:42,131] [    1] [INFO ] [WIN10-OSF2          ] [TcpMessage          ] : [SendMessage]:298GETLOTINFO HDR=QUERY_SRV,FANET,WIN10-OSF2,SKIP,3.0.0.138,21 DATETIME=20230530094742 LOT=HUF01332.1 ', '[2023-05-30  09:47:42,384] [    7] [INFO ] [WIN10-OSF2          ] [OSF.Api.Net.TcpServerListener] : [ReceiveMsg]: GETLOTINFOR HDR=QUERY_SRV,FANET,WIN10-OSF2,SKIP,3.0.0.138,21 RCD=0 PARENTID=HUF01332.1 ISPREPARED=N DCSPECID= HOLDDATE= HOLDUSER="" HOLDCODE= HOLDNOTE="" HOLDPASSWD= ORIGINALLOT=HUF01332.1 CHILDSEQNO=0 OWNER=PQ01391 CREATECODE= EQPTYPE=DOS ISDCREQUIRED=N ISIDENTIFIED=Y STARTQTY=25 ISECNLOT=N ISEJOBPREPED=N ISINSMIF=Y ISPLANNEDHOLD=N PLANNEDHOLDPROCEDUREID= PLANNEDHOLDOPERATIONID= PLANNEDHOLDINSTNUM= ISSAMPLED=N CATEGORY=NORMAL TEMPTYPE=  CST= DIEQUANITY=0 MAINEQPID= COMPONENTIDLIST=HUF01332.1,HUF01332.2,HUF01332.3,HUF01332.4,HUF01332.5,HUF01332.6,HUF01332.7,HUF01332.8,HUF01332.9,HUF01332.10,HUF01332.11,HUF01332.12,HUF01332.13,HUF01332.14,HUF01332.15,HUF01332.16,HUF01332.17,HUF01332.18,HUF01332.19,HUF01332.20,HUF01332.21,HUF01332.22,HUF01332.23,HUF01332.24,HUF01332.25 SAMPLEDDATA="" PREVPROCEDUREID=10V70AHUFHF_140_INITIAL_OXBF.01 PREVINSTNUM=1.00000 PREVOPERATIONID= NEXTPROCEDUREID=10V70AHUFHF_140_INITIAL_OXBF.01 NEXTINSTNUM=003.000 NEXTOPERATIONID=MSOACO.01 RECIPEID=KB36D13 EAPCHECK= NEWBOXTYPE=NONMETAL NEWPRTYPE=N TOPODTYPE= CHECKFLAG=N PPID_FLAG=N DOWNID= CONSTRAINTID= UPID= IDLEID= DEFAULT_CHAMBER= DIFF_BATCHLOT= BIGPARTICLE_DATA= TOTALPARTICLE_DATA= MEASUREWFR="" WAFERMOUNTERMSG=N MTYPE= LOTDIE=0 TCS_LAST= SPLITFUNCSHOWFLAG=0 MONITOR_MOTHER= MONITOR_PARTNUMBER= NONLOT_TIME= PARTICLE_SPEC= FUR_SINGLE= FUR_TOOL= FUR_PROCESS= PRE_SORTER= PRE_SORTER_LIST= PRE_SORTER_NUMBER= PRE_SPLIT_REASON= PRE_MERGE_TITLE="" PRE_MERGE_PROCDUREID= PRE_MERGE_STEP="" PRE_MERGE_INSTNUM= PRE_RWK_CODE= PRE_RWK_CMT="" PRE_RWK_TYPE= PRE_RWK_PROCDUREID= PRE_RWK_START= PRE_RWK_END= JIDBCHKCANCELFLAG=N SAMPLELOSSWAFER= BGD_FLAG= REVERSE_FLAG= SORTERMERGE_FLAG= MERGELOTLIST= BOOK_OTHERID= BOOK_QTYOTHER= BOOK_FLAG= PRODFLAG=Y VCUST_FLAG=A ORDERNUM=Q68XP DUMMYPART_FLAG= DUMMYOUT_FLAG= NON_FLAG=N SIDE_ACTUAL_COUNT=0 SIDE_TARGET= SIDE_ACTUAL_QTY= LOTNUMID= LOTADDTESTWAFER= BATCH_FLAG= KE803DUMMY= UN_USE_WAFER= USE_WAFER= CUR_WAFER= E_IRR= I_CAT= ED_ACTUAL_COUNT=0 ED_TARGET= SDLOTID= EDLOTID= RWK_FLAG=N PLY_FLAG=N PLANNEDHOLDREASON="" LOTDATA="LOT=HUF01332.1    CURRENTQTY=25    LOCATION=INFAB    HOSTLOCATION=FURNACE    LOTSTATE=WAIT    PROC=10V70AHUFHF_140_INITIAL_OXBF.01    INST=002.000    EQP=    EQPTYPE=DOS    OP=PFOAC9.01    PPID=KB36D13    PART=H70A650V01SFBF.01    RETICLE=    LOTTYPE=P1   CATEGORY=NORMAL    TEMPTYPE=     STK=B11D13-3    WIPRACKID=NOUPDATE    WIPRACKSLOT=1    PRIORITY=3    CLASS=NORMAL    BATCHID=    ENGNOTE=""   OPDESC="INITIAL OXIDATION"   STAGE="INITIAL OX"    DUEDATE=2023/05/10_08:52:00   JOBOUTDATE=2023/03/18_11:52:45    KEYPARM=""    LOTCMT=""    CUSTOMER="Q68X"    CR2="PROD"    STEPCMT="SSS"" ', '2023-05-30 01:49:06.663', '2023-05-30 01:49:06.663', 'QUERY_SRV', '', '', '打开skip,输入lot然后回车,再F2提交', '{"GETLOTINFO","HDR=QUERY_SRV,FANET,CRMCQ-MES-XP-12,SKIP","LOT=HUF01332.1"}', '{"GETLOTINFOR","HDR=QUERY_SRV,FANET,CRMCQ-MES-XP-12,SKIP","RCD=0","PARENTID=HUF01332.1","ISPREPARED=N","DCSPECID=","HOLDDATE=","HOLDUSER=""","HOLDCODE=","HOLDNOTE=""","HOLDPASSWD=","ORIGINALLOT=HUF01332.1","CHILDSEQNO=0","OWNER=PQ01391","CREATECODE=","EQPTYPE=DOS","ISDCREQUIRED=N","ISIDENTIFIED=Y","STARTQTY=25","ISECNLOT=N","ISEJOBPREPED=N","ISINSMIF=Y","ISPLANNEDHOLD=N","PLANNEDHOLDPROCEDUREID=","PLANNEDHOLDOPERATIONID=","PLANNEDHOLDINSTNUM=","ISSAMPLED=N","CATEGORY=NORMAL","TEMPTYPE=","CST=","DIEQUANITY=0","MAINEQPID=","COMPONENTIDLIST=HUF01332.1,HUF01332.2,HUF01332.3,HUF01332.4,HUF01332.5,HUF01332.6,HUF01332.7,HUF01332.8,HUF01332.9,HUF01332.10,HUF01332.11,HUF01332.12,HUF01332.13,HUF01332.14,HUF01332.15,HUF01332.16,HUF01332.17,HUF01332.18,HUF01332.19,HUF01332.20,HUF01332.21,HUF01332.22,HUF01332.23,HUF01332.24,HUF01332.25","SAMPLEDDATA=""","PREVPROCEDUREID=10V70AHUFHF_140_INITIAL_OXBF.01","PREVINSTNUM=1.00000","PREVOPERATIONID=","NEXTPROCEDUREID=10V70AHUFHF_140_INITIAL_OXBF.01","NEXTINSTNUM=003.000","NEXTOPERATIONID=MSOACO.01","RECIPEID=KB36D13","EAPCHECK=","NEWBOXTYPE=NONMETAL","NEWPRTYPE=N","TOPODTYPE=","CHECKFLAG=N","PPID_FLAG=N","DOWNID=","CONSTRAINTID=","UPID=","IDLEID=","DEFAULT_CHAMBER=","DIFF_BATCHLOT=","BIGPARTICLE_DATA=","TOTALPARTICLE_DATA=","MEASUREWFR=""","WAFERMOUNTERMSG=N","MTYPE=","LOTDIE=0","TCS_LAST=","SPLITFUNCSHOWFLAG=0","MONITOR_MOTHER=","MONITOR_PARTNUMBER=","NONLOT_TIME=","PARTICLE_SPEC=","FUR_SINGLE=","FUR_TOOL=","FUR_PROCESS=","PRE_SORTER=","PRE_SORTER_LIST=","PRE_SORTER_NUMBER=","PRE_SPLIT_REASON=","PRE_MERGE_TITLE=""","PRE_MERGE_PROCDUREID=","EP=""","PRE_MERGE_INSTNUM=","PRE_RWK_CODE=","PRE_RWK_CMT=""","PRE_RWK_TYPE=","PRE_RWK_PROCDUREID=","PRE_RWK_START=","PRE_RWK_END=","JIDBCHKCANCELFLAG=N","SAMPLELOSSWAFER=","BGD_FLAG=","REVERSE_FLAG=","SORTERMERGE_FLAG=","MERGELOTLIST=","BOOK_OTHERID=","BOOK_QTYOTHER=","BOOK_FLAG=","PRODFLAG=Y","VCUST_FLAG=A","ORDERNUM=Q68XP","DUMMYPART_FLAG=","DUMMYOUT_FLAG=","NON_FLAG=N","SIDE_ACTUAL_COUNT=0","SIDE_TARGET=","SIDE_ACTUAL_QTY=","LOTNUMID=","LOTADDTESTWAFER=","BATCH_FLAG=","KE803DUMMY=","UN_USE_WAFER=","USE_WAFER=","CUR_WAFER=","E_IRR=","I_CAT=","ED_ACTUAL_COUNT=0","ED_TARGET=","SDLOTID=","EDLOTID=","RWK_FLAG=N","PLY_FLAG=N","PLANNEDHOLDREASON=""",""LOT=HUF01332.1","CURRENTQTY=25","LOCATION=INFAB","HOSTLOCATION=FURNACE","LOTSTATE=WAIT","PROC=10V70AHUFHF_140_INITIAL_OXBF.01","INST=002.000","EQP=","EQPTYPE=DOS","OP=PFOAC9.01","PPID=KB36D13","PART=H70A650V01SFBF.01","RETICLE=","LOTTYPE=P1","CATEGORY=NORMAL","TEMPTYPE=","STK=B11D13-3","WIPRACKID=NOUPDATE","WIPRACKSLOT=1","PRIORITY=3","CLASS=NORMAL","BATCHID=","ENGNOTE=""","OPDESC="INITIAL OXIDATION"","STAGE="INITIAL OX"","DUEDATE=2023/05/10_08:52:00","JOBOUTDATE=2023/03/18_11:52:45","KEYPARM=""","LOTCMT=""","CUSTOMER="Q68X"","CR2="PROD"","STEPCMT=""""}', '{"GETLOTINFO","HDR=QUERY_SRV,FANET,WIN10-OSF2,SKIP,3.0.0.138,21","DATETIME=20230530094742","LOT=HUF01332.1"}', '{"GETLOTINFOR","HDR=QUERY_SRV,FANET,WIN10-OSF2,SKIP,3.0.0.138,21","RCD=0","PARENTID=HUF01332.1","ISPREPARED=N","DCSPECID=","HOLDDATE=","HOLDUSER=""","HOLDCODE=","HOLDNOTE=""","HOLDPASSWD=","ORIGINALLOT=HUF01332.1","CHILDSEQNO=0","OWNER=PQ01391","CREATECODE=","EQPTYPE=DOS","ISDCREQUIRED=N","ISIDENTIFIED=Y","STARTQTY=25","ISECNLOT=N","ISEJOBPREPED=N","ISINSMIF=Y","ISPLANNEDHOLD=N","PLANNEDHOLDPROCEDUREID=","PLANNEDHOLDOPERATIONID=","PLANNEDHOLDINSTNUM=","ISSAMPLED=N","CATEGORY=NORMAL","TEMPTYPE=","CST=","DIEQUANITY=0","MAINEQPID=","COMPONENTIDLIST=HUF01332.1,HUF01332.2,HUF01332.3,HUF01332.4,HUF01332.5,HUF01332.6,HUF01332.7,HUF01332.8,HUF01332.9,HUF01332.10,HUF01332.11,HUF01332.12,HUF01332.13,HUF01332.14,HUF01332.15,HUF01332.16,HUF01332.17,HUF01332.18,HUF01332.19,HUF01332.20,HUF01332.21,HUF01332.22,HUF01332.23,HUF01332.24,HUF01332.25","SAMPLEDDATA=""","PREVPROCEDUREID=10V70AHUFHF_140_INITIAL_OXBF.01","PREVINSTNUM=1.00000","PREVOPERATIONID=","NEXTPROCEDUREID=10V70AHUFHF_140_INITIAL_OXBF.01","NEXTINSTNUM=003.000","NEXTOPERATIONID=MSOACO.01","RECIPEID=KB36D13","EAPCHECK=","NEWBOXTYPE=NONMETAL","NEWPRTYPE=N","TOPODTYPE=","CHECKFLAG=N","PPID_FLAG=N","DOWNID=","CONSTRAINTID=","UPID=","IDLEID=","DEFAULT_CHAMBER=","DIFF_BATCHLOT=","BIGPARTICLE_DATA=","TOTALPARTICLE_DATA=","MEASUREWFR=""","WAFERMOUNTERMSG=N","MTYPE=","LOTDIE=0","TCS_LAST=","SPLITFUNCSHOWFLAG=0","MONITOR_MOTHER=","MONITOR_PARTNUMBER=","NONLOT_TIME=","PARTICLE_SPEC=","FUR_SINGLE=","FUR_TOOL=","FUR_PROCESS=","PRE_SORTER=","PRE_SORTER_LIST=","PRE_SORTER_NUMBER=","PRE_SPLIT_REASON=","PRE_MERGE_TITLE=""","PRE_MERGE_PROCDUREID=","PRE_MERGE_STEP=""","PRE_MERGE_INSTNUM=","PRE_RWK_CODE=","PRE_RWK_CMT=""","PRE_RWK_TYPE=","PRE_RWK_PROCDUREID=","PRE_RWK_START=","PRE_RWK_END=","JIDBCHKCANCELFLAG=N","SAMPLELOSSWAFER=","BGD_FLAG=","REVERSE_FLAG=","SORTERMERGE_FLAG=","MERGELOTLIST=","BOOK_OTHERID=","BOOK_QTYOTHER=","BOOK_FLAG=","PRODFLAG=Y","VCUST_FLAG=A","ORDERNUM=Q68XP","DUMMYPART_FLAG=","DUMMYOUT_FLAG=","NON_FLAG=N","SIDE_ACTUAL_COUNT=0","SIDE_TARGET=","SIDE_ACTUAL_QTY=","LOTNUMID=","LOTADDTESTWAFER=","BATCH_FLAG=","KE803DUMMY=","UN_USE_WAFER=","USE_WAFER=","CUR_WAFER=","E_IRR=","I_CAT=","ED_ACTUAL_COUNT=0","ED_TARGET=","SDLOTID=","EDLOTID=","RWK_FLAG=N","PLY_FLAG=N","PLANNEDHOLDREASON=""",""LOT=HUF01332.1","CURRENTQTY=25","LOCATION=INFAB","HOSTLOCATION=FURNACE","LOTSTATE=WAIT","PROC=10V70AHUFHF_140_INITIAL_OXBF.01","INST=002.000","EQP=","EQPTYPE=DOS","OP=PFOAC9.01","PPID=KB36D13","PART=H70A650V01SFBF.01","RETICLE=","LOTTYPE=P1","CATEGORY=NORMAL","TEMPTYPE=","STK=B11D13-3","WIPRACKID=NOUPDATE","WIPRACKSLOT=1","PRIORITY=3","CLASS=NORMAL","BATCHID=","ENGNOTE=""","OPDESC="INITIAL OXIDATION"","STAGE="INITIAL OX"","DUEDATE=2023/05/10_08:52:00","JOBOUTDATE=2023/03/18_11:52:45","KEYPARM=""","LOTCMT=""","CUSTOMER="Q68X"","CR2="PROD"","STEPCMT="SSS"""}', 1);
INSERT INTO "ApiMessage" ("name", "func", "edition0", "sendto0", "received0", "edition1", "sendto1", "received1", "created_at", "updated_at", "hdr", "comment0", "comment1", "scenario", "send_p0", "received_p0", "send_p1", "received_p1", "scenario_no") VALUES('OSFFUNCCTR', 'Skip', 'Xp', '05-30  09:49:56 [Send Data]3141OSFFUNCCTR HDR=CQUERY_SRV,FANET,CRMCQ-MES-XP-12,SKIP  OPERATOR=OSFPQ02068 EQPID=NONE USER_MODULE=NONE OSFFUNC=SKIP DUMMYFLAG=N OSFSPLMRGCHK=N ', '05-30  09:49:56 [Received Data]OSFFUNCCTRR HDR=CQUERY_SRV,FANET,CRMCQ-MES-XP-12,SKIP RCD=0 ERR="(null)" ', 'win10', '[2023-05-30  09:47:46,940] [    1] [INFO ] [WIN10-OSF2          ] [TcpMessage          ] : [SendMessage]:3172OSFFUNCCTR HDR=CQUERY_SRV,FANET,WIN10-OSF2,SKIP,3.0.0.138,22 DATETIME=20230530094746 OPERATOR=OSFPQ02068 EQPID=NONE USER_MODULE=NONE OSFFUNC=SKIP DUMMYFLAG=N OSFSPLMRGCHK=N ', '[2023-05-30  09:47:46,946] [   20] [INFO ] [WIN10-OSF2          ] [OSF.Api.Net.TcpServerListener] : [ReceiveMsg]: OSFFUNCCTRR HDR=CQUERY_SRV,FANET,WIN10-OSF2,SKIP,3.0.0.138,22 RCD=0 ERR="(null)" ', '2023-05-30 01:49:06.663', '2023-05-30 01:49:06.663', 'CQUERY_SRV', '', '', '打开skip,输入lot然后回车,再F2提交', '{"OSFFUNCCTR","HDR=CQUERY_SRV,FANET,CRMCQ-MES-XP-12,SKIP","OPERATOR=OSFPQ02068","EQPID=NONE","USER_MODULE=NONE","OSFFUNC=SKIP","DUMMYFLAG=N","OSFSPLMRGCHK=N"}', '{"OSFFUNCCTRR","HDR=CQUERY_SRV,FANET,CRMCQ-MES-XP-12,SKIP","RCD=0","ERR="(null)""}', '{"OSFFUNCCTR","HDR=CQUERY_SRV,FANET,WIN10-OSF2,SKIP,3.0.0.138,22","DATETIME=20230530094746","OPERATOR=OSFPQ02068","EQPID=NONE","USER_MODULE=NONE","OSFFUNC=SKIP","DUMMYFLAG=N","OSFSPLMRGCHK=N"}', '{"OSFFUNCCTRR","HDR=CQUERY_SRV,FANET,WIN10-OSF2,SKIP,3.0.0.138,22","RCD=0","ERR="(null)""}', 2);
INSERT INTO "ApiMessage" ("name", "func", "edition0", "sendto0", "received0", "edition1", "sendto1", "received1", "created_at", "updated_at", "hdr", "comment0", "comment1", "scenario", "send_p0", "received_p0", "send_p1", "received_p1", "scenario_no") VALUES('SKIP', 'Skip', 'Xp', '05-30  09:49:56 [Send Data]291SKIP HDR=CLOT_SRV,FANET,CRMCQ-MES-XP-12,SKIP  OPERATOR=OSFPQ02068 LOT=HUF01332.1 CMT="TEST" ', '05-30  09:49:57 [Received Data]SKIPR HDR=CLOT_SRV,FANET,CRMCQ-MES-XP-12,SKIP RCD=0 LOT=HUF01332.1 JOBDATA="[HUF01332.1] SKIP Completed !! --------------------------------------------------------------------------------------------- LOTID=HUF01332.1 QUANTITY=25 LOT_STATE=WAIT PARTNUMBER=H70A650V01SFBF.01 PROCEDUREID=10V70AHUFHF_140_INITIAL_OXBF.01 INSTRUCTION=003.000 OPERATION=MSOACO.01 OPERDESC=INITIAL OX THK MEAS EQPTYPE=MTK STAGE=INITIAL OX HOSTLOCATION=METR CELLID=BAY-11A AREAID=TF STOCKERID=B11D13-3 LOT_TYPE=P1 CATEGORY=NORMAL TEMPTYPE=  NEXT_PROCEDURE=10V70AHUFHF_145_AC_PHOTOBF.01 NEXT_INSTNUM=002.000 NEXT_OPERATION=PPEAC2.01 PRIORITY=3 LOCATION=INFAB WIPRACKID=NOUPDATE BINNO=1 "', 'win10', '[2023-05-30  09:47:47,006] [    1] [INFO ] [WIN10-OSF2          ] [TcpMessage          ] : [SendMessage]:3118SKIP HDR=CLOT_SRV,FANET,WIN10-OSF2,SKIP,3.0.0.138,23 DATETIME=20230530094747 OPERATOR=OSFPQ02068 LOT=HUF01332.1 CMT="" ', '[2023-05-30  09:47:47,276] [    7] [INFO ] [WIN10-OSF2          ] [OSF.Api.Net.TcpServerListener] : [ReceiveMsg]: SKIPR HDR=CLOT_SRV,FANET,WIN10-OSF2,SKIP,3.0.0.138,23 RCD=0 LOT=HUF01332.1 JOBDATA="[HUF01332.1] SKIP Completed !! --------------------------------------------------------------------------------------------- LOTID=HUF01332.1 QUANTITY=25 LOT_STATE=WAIT PARTNUMBER=H70A650V01SFBF.01 PROCEDUREID=10V70AHUFHF_140_INITIAL_OXBF.01 INSTRUCTION=003.000 OPERATION=MSOACO.01 OPERDESC=INITIAL OX THK MEAS EQPTYPE=MTK STAGE=INITIAL OX HOSTLOCATION=METR CELLID=BAY-11A AREAID=TF STOCKERID=B11D13-3 LOT_TYPE=P1 CATEGORY=NORMAL TEMPTYPE=  NEXT_PROCEDURE=10V70AHUFHF_145_AC_PHOTOBF.01 NEXT_INSTNUM=002.000 NEXT_OPERATION=PPEAC2.01 PRIORITY=3 LOCATION=INFAB WIPRACKID=NOUPDATE BINNO=1 "', '2023-05-30 01:49:06.663', '2023-05-30 01:49:06.663', 'CLOT_SRV', '', '', '打开skip,输入lot然后回车,再F2提交', '{"SKIP","HDR=CLOT_SRV,FANET,CRMCQ-MES-XP-12,SKIP","OPERATOR=OSFPQ02068","LOT=HUF01332.1","CMT="TEST""}', '{"SKIPR","HDR=CLOT_SRV,FANET,CRMCQ-MES-XP-12,SKIP","RCD=0","LOT=HUF01332.1","JOBDATA="[HUF01332.1] SKIP Completed !! --------------------------------------------------------------------------------------------- LOTID=HUF01332.1 QUANTITY=25 LOT_STATE=WAIT PARTNUMBER=H70A650V01SFBF.01 PROCEDUREID=10V70AHUFHF_140_INITIAL_OXBF.01 INSTRUCTION=003.000 OPERATION=MSOACO.01 OPERDESC=INITIAL OX THK MEAS EQPTYPE=MTK STAGE=INITIAL OX HOSTLOCATION=METR CELLID=BAY-11A AREAID=TF STOCKERID=B11D13-3 LOT_TYPE=P1 CATEGORY=NORMAL TEMPTYPE=  NEXT_PROCEDURE=10V70AHUFHF_145_AC_PHOTOBF.01 NEXT_INSTNUM=002.000 NEXT_OPERATION=PPEAC2.01 PRIORITY=3 LOCATION=INFAB WIPRACKID=NOUPDATE BINNO=1 ""}', '{"SKIP","HDR=CLOT_SRV,FANET,WIN10-OSF2,SKIP,3.0.0.138,23","DATETIME=20230530094747","OPERATOR=OSFPQ02068","LOT=HUF01332.1","CMT="""}', '{"SKIPR","HDR=CLOT_SRV,FANET,WIN10-OSF2,SKIP,3.0.0.138,23","RCD=0","LOT=HUF01332.1","JOBDATA="[HUF01332.1] SKIP Completed !! --------------------------------------------------------------------------------------------- LOTID=HUF01332.1 QUANTITY=25 LOT_STATE=WAIT PARTNUMBER=H70A650V01SFBF.01 PROCEDUREID=10V70AHUFHF_140_INITIAL_OXBF.01 INSTRUCTION=003.000 OPERATION=MSOACO.01 OPERDESC=INITIAL OX THK MEAS EQPTYPE=MTK STAGE=INITIAL OX HOSTLOCATION=METR CELLID=BAY-11A AREAID=TF STOCKERID=B11D13-3 LOT_TYPE=P1 CATEGORY=NORMAL TEMPTYPE=  NEXT_PROCEDURE=10V70AHUFHF_145_AC_PHOTOBF.01 NEXT_INSTNUM=002.000 NEXT_OPERATION=PPEAC2.01 PRIORITY=3 LOCATION=INFAB WIPRACKID=NOUPDATE BINNO=1 ""}', 3);
INSERT INTO "ApiMessage" ("name", "func", "edition0", "sendto0", "received0", "edition1", "sendto1", "received1", "created_at", "updated_at", "hdr", "comment0", "comment1", "scenario", "send_p0", "received_p0", "send_p1", "received_p1", "scenario_no") VALUES('GETLOTINFO', 'Back Up', 'Xp', '05-30  09:54:19 [Send Data]269GETLOTINFO HDR=QUERY_SRV,FANET,CRMCQ-MES-XP-12,BACKUP  LOT=HUF01332.1 ', '05-30  09:54:20 [Received Data]GETLOTINFOR HDR=QUERY_SRV,FANET,CRMCQ-MES-XP-12,BACKUP RCD=0 PARENTID=HUF01332.1 ISPREPARED=N DCSPECID= HOLDDATE= HOLDUSER="" HOLDCODE= HOLDNOTE="" HOLDPASSWD= ORIGINALLOT=HUF01332.1 CHILDSEQNO=0 OWNER=PQ01391 CREATECODE= EQPTYPE=MTK ISDCREQUIRED=N ISIDENTIFIED=Y STARTQTY=25 ISECNLOT=N ISEJOBPREPED=N ISINSMIF=Y ISPLANNEDHOLD=N PLANNEDHOLDPROCEDUREID= PLANNEDHOLDOPERATIONID= PLANNEDHOLDINSTNUM= ISSAMPLED=N CATEGORY=NORMAL TEMPTYPE=  CST= DIEQUANITY=0 MAINEQPID= COMPONENTIDLIST=HUF01332.1,HUF01332.2,HUF01332.3,HUF01332.4,HUF01332.5,HUF01332.6,HUF01332.7,HUF01332.8,HUF01332.9,HUF01332.10,HUF01332.11,HUF01332.12,HUF01332.13,HUF01332.14,HUF01332.15,HUF01332.16,HUF01332.17,HUF01332.18,HUF01332.19,HUF01332.20,HUF01332.21,HUF01332.22,HUF01332.23,HUF01332.24,HUF01332.25 SAMPLEDDATA="" PREVPROCEDUREID=10V70AHUFHF_140_INITIAL_OXBF.01 PREVINSTNUM=002.000 PREVOPERATIONID=PFOAC9.01 NEXTPROCEDUREID=10V70AHUFHF_145_AC_PHOTOBF.01 NEXTINSTNUM=002.000 NEXTOPERATIONID=PPEAC2.01 RECIPEID=AUTO\CDW\OXHIG EAPCHECK= NEWBOXTYPE=NONMETAL NEWPRTYPE=N TOPODTYPE= CHECKFLAG=N PPID_FLAG=N DOWNID= CONSTRAINTID= UPID= IDLEID= DEFAULT_CHAMBER= DIFF_BATCHLOT= BIGPARTICLE_DATA= TOTALPARTICLE_DATA= MEASUREWFR="" WAFERMOUNTERMSG=N MTYPE= LOTDIE=0 TCS_LAST= SPLITFUNCSHOWFLAG=0 MONITOR_MOTHER= MONITOR_PARTNUMBER= NONLOT_TIME= PARTICLE_SPEC= FUR_SINGLE= FUR_TOOL= FUR_PROCESS= PRE_SORTER= PRE_SORTER_LIST= PRE_SORTER_NUMBER= PRE_SPLIT_REASON= PRE_MERGE_TITLE="" PRE_MERGE_PROCDUREID= PRE_MERGE_STEP="" PRE_MERGE_INSTNUM= PRE_RWK_CODE= PRE_RWK_CMT="" PRE_RWK_TYPE= PRE_RWK_PROCDUREID= PRE_RWK_START= PRE_RWK_END= JIDBCHKCANCELFLAG=Y SAMPLELOSSWAFER= BGD_FLAG= REVERSE_FLAG= SORTERMERGE_FLAG= MERGELOTLIST= BOOK_OTHERID= BOOK_QTYOTHER= BOOK_FLAG= PRODFLAG=Y VCUST_FLAG=A ORDERNUM=Q68XP DUMMYPART_FLAG= DUMMYOUT_FLAG= NON_FLAG=N SIDE_ACTUAL_COUNT=0 SIDE_TARGET= SIDE_ACTUAL_QTY= LOTNUMID= LOTADDTESTWAFER= BATCH_FLAG= KE803DUMMY= UN_USE_WAFER= USE_WAFER= CUR_WAFER= E_IRR= I_CAT= ED_ACTUAL_COUNT=0 ED_TARGET= SDLOTID= EDLOTID= RWK_FLAG=N PLY_FLAG=N PLANNEDHOLDREASON="" L OTDATA="LOT=HUF01332.1    CURRENTQTY=25    LOCATION=INFAB    HOSTLOCATION=METR    LOTSTATE=WAIT    PROC=10V70AHUFHF_140_INITIAL_OXBF.01    INST=003.000    EQP=    EQPTYPE=MTK    OP=MSOACO.01    PPID=AUTO\CDW\OXHIG    PART=H70A650V01SFBF.01    RETICLE=    LOTTYPE=P1   CATEGORY=NORMAL    TEMPTYPE=     STK=B11D13-3    WIPRACKID=NOUPDATE    WIPRACKSLOT=1    PRIORITY=3    CLASS=NORMAL    BATCHID=    ENGNOTE=""   OPDESC="INITIAL OX THK MEAS"   STAGE="INITIAL OX"    DUEDATE=2023/05/10_08:52:00   JOBOUTDATE=2023/03/18_11:52:45    KEYPARM=""    LOTCMT=""    CUSTOMER="Q68X"    CR2="PROD"    STEPCMT="TEST"" ', 'win10', '[2023-05-30  09:56:12,852] [    1] [INFO ] [WIN10-OSF2          ] [TcpMessage          ] : [SendMessage]:3100GETLOTINFO HDR=QUERY_SRV,FANET,WIN10-OSF2,BACKUP,3.0.0.138,29 DATETIME=20230530095612 LOT=HUF01332.1 ', '[2023-05-30  09:56:13,134] [   17] [INFO ] [WIN10-OSF2          ] [OSF.Api.Net.TcpServerListener] : [ReceiveMsg]: GETLOTINFOR HDR=QUERY_SRV,FANET,WIN10-OSF2,BACKUP,3.0.0.138,29 RCD=0 PARENTID=HUF01332.1 ISPREPARED=N DCSPECID= HOLDDATE= HOLDUSER="" HOLDCODE= HOLDNOTE="" HOLDPASSWD= ORIGINALLOT=HUF01332.1 CHILDSEQNO=0 OWNER=PQ01391 CREATECODE= EQPTYPE=MTK ISDCREQUIRED=N ISIDENTIFIED=Y STARTQTY=25 ISECNLOT=N ISEJOBPREPED=N ISINSMIF=Y ISPLANNEDHOLD=N PLANNEDHOLDPROCEDUREID= PLANNEDHOLDOPERATIONID= PLANNEDHOLDINSTNUM= ISSAMPLED=N CATEGORY=NORMAL TEMPTYPE=  CST= DIEQUANITY=0 MAINEQPID= COMPONENTIDLIST=HUF01332.1,HUF01332.2,HUF01332.3,HUF01332.4,HUF01332.5,HUF01332.6,HUF01332.7,HUF01332.8,HUF01332.9,HUF01332.10,HUF01332.11,HUF01332.12,HUF01332.13,HUF01332.14,HUF01332.15,HUF01332.16,HUF01332.17,HUF01332.18,HUF01332.19,HUF01332.20,HUF01332.21,HUF01332.22,HUF01332.23,HUF01332.24,HUF01332.25 SAMPLEDDATA="" PREVPROCEDUREID=10V70AHUFHF_140_INITIAL_OXBF.01 PREVINSTNUM=002.000 PREVOPERATIONID=PFOAC9.01 NEXTPROCEDUREID=10V70AHUFHF_145_AC_PHOTOBF.01 NEXTINSTNUM=002.000 NEXTOPERATIONID=PPEAC2.01 RECIPEID=AUTO\CDW\OXHIG EAPCHECK= NEWBOXTYPE=NONMETAL NEWPRTYPE=N TOPODTYPE= CHECKFLAG=N PPID_FLAG=N DOWNID= CONSTRAINTID= UPID= IDLEID= DEFAULT_CHAMBER= DIFF_BATCHLOT= BIGPARTICLE_DATA= TOTALPARTICLE_DATA= MEASUREWFR="" WAFERMOUNTERMSG=N MTYPE= LOTDIE=0 TCS_LAST= SPLITFUNCSHOWFLAG=0 MONITOR_MOTHER= MONITOR_PARTNUMBER= NONLOT_TIME= PARTICLE_SPEC= FUR_SINGLE= FUR_TOOL= FUR_PROCESS= PRE_SORTER= PRE_SORTER_LIST= PRE_SORTER_NUMBER= PRE_SPLIT_REASON= PRE_MERGE_TITLE="" PRE_MERGE_PROCDUREID= PRE_MERGE_STEP="" PRE_MERGE_INSTNUM= PRE_RWK_CODE= PRE_RWK_CMT="" PRE_RWK_TYPE= PRE_RWK_PROCDUREID= PRE_RWK_START= PRE_RWK_END= JIDBCHKCANCELFLAG=Y SAMPLELOSSWAFER= BGD_FLAG= REVERSE_FLAG= SORTERMERGE_FLAG= MERGELOTLIST= BOOK_OTHERID= BOOK_QTYOTHER= BOOK_FLAG= PRODFLAG=Y VCUST_FLAG=A ORDERNUM=Q68XP DUMMYPART_FLAG= DUMMYOUT_FLAG= NON_FLAG=N SIDE_ACTUAL_COUNT=0 SIDE_TARGET= SIDE_ACTUAL_QTY= LOTNUMID= LOTADDTESTWAFER= BATCH_FLAG= KE803DUMMY= UN_USE_WAFER= USE_WAFER= CUR_WAFER= E_IRR= I_CAT= ED_ACTUAL_COUNT=0 ED_TARGET= SDLOTID= EDLOTID= RWK_FLAG=N PLY_FLAG=N PLANNEDHOLDREASON="" LOTDATA="LOT=HUF01332.1    CURRENTQTY=25    LOCATION=INFAB    HOSTLOCATION=METR    LOTSTATE=WAIT    PROC=10V70AHUFHF_140_INITIAL_OXBF.01    INST=003.000    EQP=    EQPTYPE=MTK    OP=MSOACO.01    PPID=AUTO\CDW\OXHIG    PART=H70A650V01SFBF.01    RETICLE=    LOTTYPE=P1   CATEGORY=NORMAL    TEMPTYPE=     STK=B11D13-3    WIPRACKID=NOUPDATE    WIPRACKSLOT=1    PRIORITY=3    CLASS=NORMAL    BATCHID=    ENGNOTE=""   OPDESC="INITIAL OX THK MEAS"   STAGE="INITIAL OX"    DUEDATE=2023/05/10_08:52:00   JOBOUTDATE=2023/03/18_11:52:45    KEYPARM=""    LOTCMT=""    CUSTOMER="Q68X"    CR2="PROD"    STEPCMT=""" ', '2023-05-30 01:54:36.372', '2023-05-30 01:54:36.372', 'QUERY_SRV', '', '', '打开Back Up,输入Lot ID后回车,然后F2提交', '{"GETLOTINFO","HDR=QUERY_SRV,FANET,CRMCQ-MES-XP-12,BACKUP","LOT=HUF01332.1"}', '{"GETLOTINFOR","HDR=QUERY_SRV,FANET,CRMCQ-MES-XP-12,BACKUP","RCD=0","PARENTID=HUF01332.1","ISPREPARED=N","DCSPECID=","HOLDDATE=","HOLDUSER=""","HOLDCODE=","HOLDNOTE=""","HOLDPASSWD=","ORIGINALLOT=HUF01332.1","CHILDSEQNO=0","OWNER=PQ01391","CREATECODE=","EQPTYPE=MTK","ISDCREQUIRED=N","ISIDENTIFIED=Y","STARTQTY=25","ISECNLOT=N","ISEJOBPREPED=N","ISINSMIF=Y","ISPLANNEDHOLD=N","PLANNEDHOLDPROCEDUREID=","PLANNEDHOLDOPERATIONID=","PLANNEDHOLDINSTNUM=","ISSAMPLED=N","CATEGORY=NORMAL","TEMPTYPE=","CST=","DIEQUANITY=0","MAINEQPID=","COMPONENTIDLIST=HUF01332.1,HUF01332.2,HUF01332.3,HUF01332.4,HUF01332.5,HUF01332.6,HUF01332.7,HUF01332.8,HUF01332.9,HUF01332.10,HUF01332.11,HUF01332.12,HUF01332.13,HUF01332.14,HUF01332.15,HUF01332.16,HUF01332.17,HUF01332.18,HUF01332.19,HUF01332.20,HUF01332.21,HUF01332.22,HUF01332.23,HUF01332.24,HUF01332.25","SAMPLEDDATA=""","PREVPROCEDUREID=10V70AHUFHF_140_INITIAL_OXBF.01","PREVINSTNUM=002.000","PREVOPERATIONID=PFOAC9.01","NEXTPROCEDUREID=10V70AHUFHF_145_AC_PHOTOBF.01","NEXTINSTNUM=002.000","NEXTOPERATIONID=PPEAC2.01","RECIPEID=AUTO\CDW\OXHIG","EAPCHECK=","NEWBOXTYPE=NONMETAL","NEWPRTYPE=N","TOPODTYPE=","CHECKFLAG=N","PPID_FLAG=N","DOWNID=","CONSTRAINTID=","UPID=","IDLEID=","DEFAULT_CHAMBER=","DIFF_BATCHLOT=","BIGPARTICLE_DATA=","TOTALPARTICLE_DATA=","MEASUREWFR=""","WAFERMOUNTERMSG=N","MTYPE=","LOTDIE=0","TCS_LAST=","SPLITFUNCSHOWFLAG=0","MONITOR_MOTHER=","MONITOR_PARTNUMBER=","NONLOT_TIME=","PARTICLE_SPEC=","FUR_SINGLE=","FUR_TOOL=","FUR_PROCESS=","PRE_SORTER=","PRE_SORTER_LIST=","PRE_SORTER_NUMBER=","PRE_SPLIT_REASON=","PRE_MERGE_TITLE=""","PRE_MERGE_PROCDUREID=","PRE_MERGE_STEP=""","PRE_MERGE_INSTNUM=","PRE_RWK_CODE=","PRE_RWK_CMT=""","PRE_RWK_TYPE=","PRE_RWK_PROCDUREID=","PRE_RWK_START=","PRE_RWK_END=","JIDBCHKCANCELFLAG=Y","SAMPLELOSSWAFER=","BGD_FLAG=","REVERSE_FLAG=","SORTERMERGE_FLAG=","MERGELOTLIST=","BOOK_OTHERID=","BOOK_QTYOTHER=","BOOK_FLAG=","PRODFLAG=Y","VCUST_FLAG=A","ORDERNUM=Q68XP","DUMMYPART_FLAG=","DUMMYOUT_FLAG=","NON_FLAG=N","SIDE_ACTUAL_COUNT=0","SIDE_TARGET=","SIDE_ACTUAL_QTY=","LOTNUMID=","LOTADDTESTWAFER=","BATCH_FLAG=","KE803DUMMY=","UN_USE_WAFER=","USE_WAFER=","CUR_WAFER=","E_IRR=","I_CAT=","ED_ACTUAL_COUNT=0","ED_TARGET=","SDLOTID=","EDLOTID=","RWK_FLAG=N","PLY_FLAG=N","PLANNEDHOLDREASON=""",""LOT=HUF01332.1","CURRENTQTY=25","LOCATION=INFAB","HOSTLOCATION=METR","LOTSTATE=WAIT","PROC=10V70AHUFHF_140_INITIAL_OXBF.01","INST=003.000","EQP=","EQPTYPE=MTK","OP=MSOACO.01","PPID=AUTO\CDW\OXHIG","PART=H70A650V01SFBF.01","RETICLE=","LOTTYPE=P1","CATEGORY=NORMAL","TEMPTYPE=","STK=B11D13-3","WIPRACKID=NOUPDATE","WIPRACKSLOT=1","PRIORITY=3","CLASS=NORMAL","BATCHID=","ENGNOTE=""","OPDESC="INITIAL OX THK MEAS"","STAGE="INITIAL OX"","DUEDATE=2023/05/10_08:52:00","JOBOUTDATE=2023/03/18_11:52:45","KEYPARM=""","LOTCMT=""","CUSTOMER="Q68X"","CR2="PROD"","STEPCMT="TEST"""}', '{"GETLOTINFO","HDR=QUERY_SRV,FANET,WIN10-OSF2,BACKUP,3.0.0.138,29","DATETIME=20230530095612","LOT=HUF01332.1"}', '{"GETLOTINFOR","HDR=QUERY_SRV,FANET,WIN10-OSF2,BACKUP,3.0.0.138,29","RCD=0","PARENTID=HUF01332.1","ISPREPARED=N","DCSPECID=","HOLDDATE=","HOLDUSER=""","HOLDCODE=","HOLDNOTE=""","HOLDPASSWD=","ORIGINALLOT=HUF01332.1","CHILDSEQNO=0","OWNER=PQ01391","CREATECODE=","EQPTYPE=MTK","ISDCREQUIRED=N","ISIDENTIFIED=Y","STARTQTY=25","ISECNLOT=N","ISEJOBPREPED=N","ISINSMIF=Y","ISPLANNEDHOLD=N","PLANNEDHOLDPROCEDUREID=","PLANNEDHOLDOPERATIONID=","PLANNEDHOLDINSTNUM=","ISSAMPLED=N","CATEGORY=NORMAL","TEMPTYPE=","CST=","DIEQUANITY=0","MAINEQPID=","COMPONENTIDLIST=HUF01332.1,HUF01332.2,HUF01332.3,HUF01332.4,HUF01332.5,HUF01332.6,HUF01332.7,HUF01332.8,HUF01332.9,HUF01332.10,HUF01332.11,HUF01332.12,HUF01332.13,HUF01332.14,HUF01332.15,HUF01332.16,HUF01332.17,HUF01332.18,HUF01332.19,HUF01332.20,HUF01332.21,HUF01332.22,HUF01332.23,HUF01332.24,HUF01332.25","SAMPLEDDATA=""","PREVPROCEDUREID=10V70AHUFHF_140_INITIAL_OXBF.01","PREVINSTNUM=002.000","PREVOPERATIONID=PFOAC9.01","NEXTPROCEDUREID=10V70AHUFHF_145_AC_PHOTOBF.01","NEXTINSTNUM=002.000","NEXTOPERATIONID=PPEAC2.01","RECIPEID=AUTO\CDW\OXHIG","EAPCHECK=","NEWBOXTYPE=NONMETAL","NEWPRTYPE=N","TOPODTYPE=","CHECKFLAG=N","PPID_FLAG=N","DOWNID=","CONSTRAINTID=","UPID=","IDLEID=","DEFAULT_CHAMBER=","DIFF_BATCHLOT=","BIGPARTICLE_DATA=","TOTALPARTICLE_DATA=","MEASUREWFR=""","WAFERMOUNTERMSG=N","MTYPE=","LOTDIE=0","TCS_LAST=","SPLITFUNCSHOWFLAG=0","MONITOR_MOTHER=","MONITOR_PARTNUMBER=","NONLOT_TIME=","PARTICLE_SPEC=","FUR_SINGLE=","FUR_TOOL=","FUR_PROCESS=","PRE_SORTER=","PRE_SORTER_LIST=","PRE_SORTER_NUMBER=","PRE_SPLIT_REASON=","PRE_MERGE_TITLE=""","PRE_MERGE_PROCDUREID=","PRE_MERGE_STEP=""","PRE_MERGE_INSTNUM=","PRE_RWK_CODE=","PRE_RWK_CMT=""","PRE_RWK_TYPE=","PRE_RWK_PROCDUREID=","PRE_RWK_START=","PRE_RWK_END=","JIDBCHKCANCELFLAG=Y","SAMPLELOSSWAFER=","BGD_FLAG=","REVERSE_FLAG=","SORTERMERGE_FLAG=","MERGELOTLIST=","BOOK_OTHERID=","BOOK_QTYOTHER=","BOOK_FLAG=","PRODFLAG=Y","VCUST_FLAG=A","ORDERNUM=Q68XP","DUMMYPART_FLAG=","DUMMYOUT_FLAG=","NON_FLAG=N","SIDE_ACTUAL_COUNT=0","SIDE_TARGET=","SIDE_ACTUAL_QTY=","LOTNUMID=","LOTADDTESTWAFER=","BATCH_FLAG=","KE803DUMMY=","UN_USE_WAFER=","USE_WAFER=","CUR_WAFER=","E_IRR=","I_CAT=","ED_ACTUAL_COUNT=0","ED_TARGET=","SDLOTID=","EDLOTID=","RWK_FLAG=N","PLY_FLAG=N","PLANNEDHOLDREASON=""",""LOT=HUF01332.1","CURRENTQTY=25","LOCATION=INFAB","HOSTLOCATION=METR","LOTSTATE=WAIT","PROC=10V70AHUFHF_140_INITIAL_OXBF.01","INST=003.000","EQP=","EQPTYPE=MTK","OP=MSOACO.01","PPID=AUTO\CDW\OXHIG","PART=H70A650V01SFBF.01","RETICLE=","LOTTYPE=P1","CATEGORY=NORMAL","TEMPTYPE=","STK=B11D13-3","WIPRACKID=NOUPDATE","WIPRACKSLOT=1","PRIORITY=3","CLASS=NORMAL","BATCHID=","ENGNOTE=""","OPDESC="INITIAL OX THK MEAS"","STAGE="INITIAL OX"","DUEDATE=2023/05/10_08:52:00","JOBOUTDATE=2023/03/18_11:52:45","KEYPARM=""","LOTCMT=""","CUSTOMER="Q68X"","CR2="PROD"","STEPCMT=""""}', 1);
INSERT INTO "ApiMessage" ("name", "func", "edition0", "sendto0", "received0", "edition1", "sendto1", "received1", "created_at", "updated_at", "hdr", "comment0", "comment1", "scenario", "send_p0", "received_p0", "send_p1", "received_p1", "scenario_no") VALUES('BACKUP', 'Back Up', 'Xp', '05-30  09:54:48 [Send Data]3117BACKUP HDR=CLOT_SRV,FANET,CRMCQ-MES-XP-12,BACKUP  OPERATOR=OSFPQ02068 LOT=HUF01332.1 TOINST=002.000 CMT="BACKUP TEST" ', '05-30  09:54:48 [Received Data]BACKUPR HDR=CLOT_SRV,FANET,CRMCQ-MES-XP-12,BACKUP RCD=0 LOT=HUF01332.1 JOBDATA="[HUF01332.1] BACKUP Completed !! --------------------------------------------------------------------------------------------- LOTID=HUF01332.1 QUANTITY=25 LOT_STATE=WAIT PARTNUMBER=H70A650V01SFBF.01 PROCEDUREID=10V70AHUFHF_140_INITIAL_OXBF.01 INSTRUCTION=002.000 OPERATION=PFOAC9.01 OPERDESC=INITIAL OXIDATION EQPTYPE=DOS STAGE=INITIAL OX HOSTLOCATION=FURNACE CELLID=BAY-11A AREAID=TF STOCKERID=B11D13-3 LOT_TYPE=P1 CATEGORY=NORMAL TEMPTYPE=  NEXT_PROCEDURE=10V70AHUFHF_140_INITIAL_OXBF.01 NEXT_INSTNUM=003.000 NEXT_OPERATION=MSOACO.01 PRIORITY=3 LOCATION=INFAB WIPRACKID=NOUPDATE BINNO=1 "', 'win10', '[2023-05-30  09:56:22,932] [    1] [INFO ] [WIN10-OSF2          ] [TcpMessage          ] : [SendMessage]:3149BACKUP HDR=CLOT_SRV,FANET,WIN10-OSF2,BACKUP,3.0.0.138,30 DATETIME=20230530095622 OPERATOR=OSFPQ02068 LOT=HUF01332.1 TOINST=002.000 CMT="BACK UP TEST" ', '[2023-05-30  09:56:23,048] [   19] [INFO ] [WIN10-OSF2          ] [OSF.Api.Net.TcpServerListener] : [ReceiveMsg]: BACKUPR HDR=CLOT_SRV,FANET,WIN10-OSF2,BACKUP,3.0.0.138,30 RCD=0 LOT=HUF01332.1 JOBDATA="[HUF01332.1] BACKUP Completed !! --------------------------------------------------------------------------------------------- LOTID=HUF01332.1 QUANTITY=25 LOT_STATE=WAIT PARTNUMBER=H70A650V01SFBF.01 PROCEDUREID=10V70AHUFHF_140_INITIAL_OXBF.01 INSTRUCTION=002.000 OPERATION=PFOAC9.01 OPERDESC=INITIAL OXIDATION EQPTYPE=DOS STAGE=INITIAL OX HOSTLOCATION=FURNACE CELLID=BAY-11A AREAID=TF STOCKERID=B11D13-3 LOT_TYPE=P1 CATEGORY=NORMAL TEMPTYPE=  NEXT_PROCEDURE=10V70AHUFHF_140_INITIAL_OXBF.01 NEXT_INSTNUM=003.000 NEXT_OPERATION=MSOACO.01 PRIORITY=3 LOCATION=INFAB WIPRACKID=NOUPDATE BINNO=1 "', '2023-05-30 01:54:36.372', '2023-05-30 01:54:36.372', 'CLOT_SRV', '', '', '打开Back Up,输入Lot ID后回车,然后F2提交', '{"BACKUP","HDR=CLOT_SRV,FANET,CRMCQ-MES-XP-12,BACKUP","OPERATOR=OSFPQ02068","LOT=HUF01332.1","TOINST=002.000","CMT="BACKUP TEST""}', '{"BACKUPR","HDR=CLOT_SRV,FANET,CRMCQ-MES-XP-12,BACKUP","RCD=0","LOT=HUF01332.1","JOBDATA="[HUF01332.1] BACKUP Completed !! --------------------------------------------------------------------------------------------- LOTID=HUF01332.1 QUANTITY=25 LOT_STATE=WAIT PARTNUMBER=H70A650V01SFBF.01 PROCEDUREID=10V70AHUFHF_140_INITIAL_OXBF.01 INSTRUCTION=002.000 OPERATION=PFOAC9.01 OPERDESC=INITIAL OXIDATION EQPTYPE=DOS STAGE=INITIAL OX HOSTLOCATION=FURNACE CELLID=BAY-11A AREAID=TF STOCKERID=B11D13-3 LOT_TYPE=P1 CATEGORY=NORMAL TEMPTYPE=  NEXT_PROCEDURE=10V70AHUFHF_140_INITIAL_OXBF.01 NEXT_INSTNUM=003.000 NEXT_OPERATION=MSOACO.01 PRIORITY=3 LOCATION=INFAB WIPRACKID=NOUPDATE BINNO=1 ""}', '{"BACKUP","HDR=CLOT_SRV,FANET,WIN10-OSF2,BACKUP,3.0.0.138,30","DATETIME=20230530095622","OPERATOR=OSFPQ02068","LOT=HUF01332.1","TOINST=002.000","CMT="BACK UP TEST""}', '{"BACKUPR","HDR=CLOT_SRV,FANET,WIN10-OSF2,BACKUP,3.0.0.138,30","RCD=0","LOT=HUF01332.1","JOBDATA="[HUF01332.1] BACKUP Completed !! --------------------------------------------------------------------------------------------- LOTID=HUF01332.1 QUANTITY=25 LOT_STATE=WAIT PARTNUMBER=H70A650V01SFBF.01 PROCEDUREID=10V70AHUFHF_140_INITIAL_OXBF.01 INSTRUCTION=002.000 OPERATION=PFOAC9.01 OPERDESC=INITIAL OXIDATION EQPTYPE=DOS STAGE=INITIAL OX HOSTLOCATION=FURNACE CELLID=BAY-11A AREAID=TF STOCKERID=B11D13-3 LOT_TYPE=P1 CATEGORY=NORMAL TEMPTYPE=  NEXT_PROCEDURE=10V70AHUFHF_140_INITIAL_OXBF.01 NEXT_INSTNUM=003.000 NEXT_OPERATION=MSOACO.01 PRIORITY=3 LOCATION=INFAB WIPRACKID=NOUPDATE BINNO=1 ""}', 2);
INSERT INTO "ApiMessage" ("name", "func", "edition0", "sendto0", "received0", "edition1", "sendto1", "received1", "created_at", "updated_at", "hdr", "comment0", "comment1", "scenario", "send_p0", "received_p0", "send_p1", "received_p1", "scenario_no") VALUES('CHGLOTCMT', 'Update Lot Comment', 'Xp', '05-30  10:43:06 [Send Data]3103CHGLOTCMT HDR=CLOT_SRV,FANET,CRMCQ-MES-XP-12,CLOTCMT  OPERATOR=OSFPQ02068 LOT=HUF01332.1 CMT="NEW CMT0" ', '05-30  10:43:06 [Received Data]CHGLOTCMTR HDR=CLOT_SRV,FANET,CRMCQ-MES-XP-12,CLOTCMT RCD=0 LOT=HUF01332.1 OPERATOR=OSFPQ02068 CMT="NEW CMT0" JOBDATA="[HUF01332.1] ===> [NEW CMT0] CHGLOTCMT Completed !! --------------------------------------------------------------------------------------------- LOTID=HUF01332.1 QUANTITY=25 LOT_STATE=WAIT PARTNUMBER=H70A650V01SFBF.01 PROCEDUREID=10V70AHUFHF_140_INITIAL_OXBF.01 INSTRUCTION=002.000 OPERATION=PFOAC9.01 OPERDESC=INITIAL OXIDATION EQPTYPE=DOS STAGE=INITIAL OX HOSTLOCATION=FURNACE CELLID=BAY-11A AREAID=TF STOCKERID=B11D13-3 LOT_TYPE=P1 CATEGORY=NORMAL TEMPTYPE=  NEXT_PROCEDURE=10V70AHUFHF_140_INITIAL_OXBF.01 NEXT_INSTNUM=003.000 NEXT_OPERATION=MSOACO.01 PRIORITY=3 LOCATION=INFAB WIPRACKID=NOUPDATE BINNO=1 "', 'win10', '[2023-05-30  10:42:08,065] [    1] [INFO ] [WIN10-OSF2          ] [TcpMessage          ] : [SendMessage]:3133CHGLOTCMT HDR=CLOT_SRV,FANET,WIN10-OSF2,CLOTCMT,3.0.0.138,40 DATETIME=20230530104208 OPERATOR=OSFPQ02068 LOT=HUF01332.1 CMT="NEW CMT" ', '[2023-05-30  10:42:08,150] [   19] [INFO ] [WIN10-OSF2          ] [OSF.Api.Net.TcpServerListener] : [ReceiveMsg]: CHGLOTCMTR HDR=CLOT_SRV,FANET,WIN10-OSF2,CLOTCMT,3.0.0.138,40 RCD=0 LOT=HUF01332.1 OPERATOR=OSFPQ02068 CMT="NEW CMT" JOBDATA="[HUF01332.1] ===> [NEW CMT] CHGLOTCMT Completed !! --------------------------------------------------------------------------------------------- LOTID=HUF01332.1 QUANTITY=25 LOT_STATE=WAIT PARTNUMBER=H70A650V01SFBF.01 PROCEDUREID=10V70AHUFHF_140_INITIAL_OXBF.01 INSTRUCTION=002.000 OPERATION=PFOAC9.01 OPERDESC=INITIAL OXIDATION EQPTYPE=DOS STAGE=INITIAL OX HOSTLOCATION=FURNACE CELLID=BAY-11A AREAID=TF STOCKERID=B11D13-3 LOT_TYPE=P1 CATEGORY=NORMAL TEMPTYPE=  NEXT_PROCEDURE=10V70AHUFHF_140_INITIAL_OXBF.01 NEXT_INSTNUM=003.000 NEXT_OPERATION=MSOACO.01 PRIORITY=3 LOCATION=INFAB WIPRACKID=NOUPDATE BINNO=1 "NSTNUM=003.000 NEXT_OPERATION=MSOACO.0', '2023-05-30 02:40:12.107', '2023-05-30 02:40:12.107', 'CLOT_SRV', '', '', 'F2提交', '{"CHGLOTCMT","HDR=CLOT_SRV,FANET,CRMCQ-MES-XP-12,CLOTCMT","OPERATOR=OSFPQ02068","LOT=HUF01332.1","CMT="NEW CMT0""}', '{"CHGLOTCMTR","HDR=CLOT_SRV,FANET,CRMCQ-MES-XP-12,CLOTCMT","RCD=0","LOT=HUF01332.1","OPERATOR=OSFPQ02068","CMT="NEW CMT0"","JOBDATA="NEW CMT0" JOBDATA="[HUF01332.1] ===> [NEW CMT0] CHGLOTCMT Completed !! --------------------------------------------------------------------------------------------- LOTID=HUF01332.1 QUANTITY=25 LOT_STATE=WAIT PARTNUMBER=H70A650V01SFBF.01 PROCEDUREID=10V70AHUFHF_140_INITIAL_OXBF.01 INSTRUCTION=002.000 OPERATION=PFOAC9.01 OPERDESC=INITIAL OXIDATION EQPTYPE=DOS STAGE=INITIAL OX HOSTLOCATION=FURNACE CELLID=BAY-11A AREAID=TF STOCKERID=B11D13-3 LOT_TYPE=P1 CATEGORY=NORMAL TEMPTYPE=  NEXT_PROCEDURE=10V70AHUFHF_140_INITIAL_OXBF.01 NEXT_INSTNUM=003.000 NEXT_OPERATION=MSOACO.01 PRIORITY=3 LOCATION=INFAB WIPRACKID=NOUPDATE BINNO=1 ""}', '{"CHGLOTCMT","HDR=CLOT_SRV,FANET,WIN10-OSF2,CLOTCMT,3.0.0.138,40","DATETIME=20230530104208","OPERATOR=OSFPQ02068","LOT=HUF01332.1","CMT="NEW CMT""}', '{"CHGLOTCMTR","HDR=CLOT_SRV,FANET,WIN10-OSF2,CLOTCMT,3.0.0.138,40","RCD=0","LOT=HUF01332.1","OPERATOR=OSFPQ02068","CMT="NEW CMT"","JOBDATA="NEW CMT" JOBDATA="[HUF01332.1] ===> [NEW CMT] CHGLOTCMT Completed !! --------------------------------------------------------------------------------------------- LOTID=HUF01332.1 QUANTITY=25 LOT_STATE=WAIT PARTNUMBER=H70A650V01SFBF.01 PROCEDUREID=10V70AHUFHF_140_INITIAL_OXBF.01 INSTRUCTION=002.000 OPERATION=PFOAC9.01 OPERDESC=INITIAL OXIDATION EQPTYPE=DOS STAGE=INITIAL OX HOSTLOCATION=FURNACE CELLID=BAY-11A AREAID=TF STOCKERID=B11D13-3 LOT_TYPE=P1 CATEGORY=NORMAL TEMPTYPE=  NEXT_PROCEDURE=10V70AHUFHF_140_INITIAL_OXBF.01 NEXT_INSTNUM=003.000 NEXT_OPERATION=MSOACO.01 PRIORITY=3 LOCATION=INFAB WIPRACKID=NOUPDATE BINNO=1 ""}', 1);
INSERT INTO "ApiMessage" ("name", "func", "edition0", "sendto0", "received0", "edition1", "sendto1", "received1", "created_at", "updated_at", "hdr", "comment0", "comment1", "scenario", "send_p0", "received_p0", "send_p1", "received_p1", "scenario_no") VALUES('JILOTLIST', 'Back Up', 'Xp', '05-30  09:59:52 [Send Data]288JILOTLIST HDR=QUERY_SRV,FANET,CRMCQ-MES-XP-12,FTP_SRV   CELL=OFFICE WHERE="TEMPTYPE=''D''" ', '05-30  09:59:53 [Received Data]JILOTLISTR HDR=QUERY_SRV,FANET,CRMCQ-MES-XP-12,FTP_SRV RCD=0 CELL=OFFICE EQP= HOSTNAME=pqpri1 HEADER="Pri LOTID       QTY QUEUE-TIME       STAGE      PPID       PROCEDURE    INST OPERDESC       CR1 Ext" FILE=/app/drmtest/listtmp/JL732900.1', 'win10', '[2023-05-30  09:58:50,641] [    1] [INFO ] [WIN10-OSF2          ] [TcpMessage          ] : [SendMessage]:3120JILOTLIST HDR=QUERY_SRV,FANET,WIN10-OSF2,FTP_SRV,3.0.0.138,31 DATETIME=20230530095850  CELL=BAY-02A WHERE="TEMPTYPE=''D''" ', '[2023-05-30  09:58:52,045] [   18] [INFO ] [WIN10-OSF2          ] [OSF.Api.Net.TcpServerListener] : [ReceiveMsg]: JILOTLISTR HDR=QUERY_SRV,FANET,WIN10-OSF2,FTP_SRV,3.0.0.138,31 RCD=0 CELL=BAY-02A EQP= HOSTNAME=drmtst1 HEADER="Pri LOTID       QTY QUEUE-TIME       STAGE      PPID       PROCEDURE    INST OPERDESC       CR1 Ext" FILE=/app/drmtest/listtmp/JL58957.2 ', '2023-05-30 01:56:48.535', '2023-05-30 01:56:48.535', 'QUERY_SRV', '', '', '点击Lot ID下拉列表或按下空格键', '{"JILOTLIST","HDR=QUERY_SRV,FANET,CRMCQ-MES-XP-12,FTP_SRV","CELL=OFFICE","WHERE="TEMPTYPE=''D''""}', '{"JILOTLISTR","HDR=QUERY_SRV,FANET,CRMCQ-MES-XP-12,FTP_SRV","RCD=0","CELL=OFFICE","EQP=","HOSTNAME=pqpri1","HEADER="Pri LOTID       QTY QUEUE-TIME       STAGE      PPID       PROCEDURE    INST OPERDESC       CR1 Ext""}', '{"JILOTLIST","HDR=QUERY_SRV,FANET,WIN10-OSF2,FTP_SRV,3.0.0.138,31","DATETIME=20230530095850","CELL=BAY-02A","WHERE="TEMPTYPE=''D''""}', '{"JILOTLISTR","HDR=QUERY_SRV,FANET,WIN10-OSF2,FTP_SRV,3.0.0.138,31","RCD=0","CELL=BAY-02A","EQP=","HOSTNAME=drmtst1","HEADER="Pri LOTID       QTY QUEUE-TIME       STAGE      PPID       PROCEDURE    INST OPERDESC       CR1 Ext"","FILE=/app/drmtest/listtmp/JL58957.2"}', 1);
INSERT INTO "ApiMessage" ("name", "func", "edition0", "sendto0", "received0", "edition1", "sendto1", "received1", "created_at", "updated_at", "hdr", "comment0", "comment1", "scenario", "send_p0", "received_p0", "send_p1", "received_p1", "scenario_no") VALUES('JILOTLIST', 'Skip', 'Xp', '05-30  10:03:01 [Send Data]289JILOTLIST HDR=QUERY_SRV,FANET,CRMCQ-MES-XP-12,FTP_SRV   CELL=BAY-01A WHERE="TEMPTYPE=''D''" ', '05-30  10:03:01 [Received Data]JILOTLISTR HDR=QUERY_SRV,FANET,CRMCQ-MES-XP-12,FTP_SRV RCD=0 CELL=BAY-01A EQP= HOSTNAME=pqpri1 HEADER="Pri LOTID       QTY QUEUE-TIME       STAGE      PPID       PROCEDURE    INST OPERDESC       CR1 Ext" FILE=/app/drmtest/listtmp/JL732900.2', 'win10', '[2023-05-30  10:03:18,502] [    1] [INFO ] [WIN10-OSF2          ] [TcpMessage          ] : [SendMessage]:3120JILOTLIST HDR=QUERY_SRV,FANET,WIN10-OSF2,FTP_SRV,3.0.0.138,32 DATETIME=20230530100318  CELL=BAY-02A WHERE="TEMPTYPE=''D''" ', '[2023-05-30  10:03:18,589] [   23] [INFO ] [WIN10-OSF2          ] [OSF.Api.Net.TcpServerListener] : [ReceiveMsg]: JILOTLISTR HDR=QUERY_SRV,FANET,WIN10-OSF2,FTP_SRV,3.0.0.138,32 RCD=0 CELL=BAY-02A EQP= HOSTNAME=drmtst1 HEADER="Pri LOTID       QTY QUEUE-TIME       STAGE      PPID       PROCEDURE    INST OPERDESC       CR1 Ext" FILE=/app/drmtest/listtmp/JL58955.1 ', '2023-05-30 02:00:19.298', '2023-05-30 02:00:19.298', 'QUERY_SRV', '', '', '点击LOT ID下拉列表或按下回车键', '{"JILOTLIST","HDR=QUERY_SRV,FANET,CRMCQ-MES-XP-12,FTP_SRV","CELL=BAY-01A","WHERE="TEMPTYPE=''D''""}', '{"JILOTLISTR","HDR=QUERY_SRV,FANET,CRMCQ-MES-XP-12,FTP_SRV","RCD=0","CELL=BAY-01A","EQP=","HOSTNAME=pqpri1","HEADER="Pri LOTID       QTY QUEUE-TIME       STAGE      PPID       PROCEDURE    INST OPERDESC       CR1 Ext""}', '{"JILOTLIST","HDR=QUERY_SRV,FANET,WIN10-OSF2,FTP_SRV,3.0.0.138,32","DATETIME=20230530100318","CELL=BAY-02A","WHERE="TEMPTYPE=''D''""}', '{"JILOTLISTR","HDR=QUERY_SRV,FANET,WIN10-OSF2,FTP_SRV,3.0.0.138,32","RCD=0","CELL=BAY-02A","EQP=","HOSTNAME=drmtst1","HEADER="Pri LOTID       QTY QUEUE-TIME       STAGE      PPID       PROCEDURE    INST OPERDESC       CR1 Ext"","FILE=/app/drmtest/listtmp/JL58955.1"}', 1);
INSERT INTO "ApiMessage" ("name", "func", "edition0", "sendto0", "received0", "edition1", "sendto1", "received1", "created_at", "updated_at", "hdr", "comment0", "comment1", "scenario", "send_p0", "received_p0", "send_p1", "received_p1", "scenario_no") VALUES('JILOTLIST', 'Update Lot Comment', 'Xp', '05-30  10:30:28 [Send Data]288JILOTLIST HDR=QUERY_SRV,FANET,CRMCQ-MES-XP-12,FTP_SRV   CELL=OFFICE WHERE="TEMPTYPE=''D''" ', '05-30  10:30:29 [Received Data]JILOTLISTR HDR=QUERY_SRV,FANET,CRMCQ-MES-XP-12,FTP_SRV RCD=0 CELL=OFFICE EQP= HOSTNAME=pqpri1 HEADER="Pri LOTID       QTY QUEUE-TIME       STAGE      PPID       PROCEDURE    INST OPERDESC       CR1 Ext" FILE=/app/drmtest/listtmp/JL732900.3', 'win10', '[2023-05-30  10:31:00,556] [    1] [INFO ] [WIN10-OSF2          ] [TcpMessage          ] : [SendMessage]:3120JILOTLIST HDR=QUERY_SRV,FANET,WIN10-OSF2,FTP_SRV,3.0.0.138,37 DATETIME=20230530103100  CELL=BAY-02A WHERE="TEMPTYPE=''D''" ', '[2023-05-30  10:31:00,656] [    6] [INFO ] [WIN10-OSF2          ] [OSF.Api.Net.TcpServerListener] : [ReceiveMsg]: JILOTLISTR HDR=QUERY_SRV,FANET,WIN10-OSF2,FTP_SRV,3.0.0.138,37 RCD=0 CELL=BAY-02A EQP= HOSTNAME=drmtst1 HEADER="Pri LOTID       QTY QUEUE-TIME       STAGE      PPID       PROCEDURE    INST OPERDESC       CR1 Ext" FILE=/app/drmtest/listtmp/JL58957.3 ', '2023-05-30 02:27:43.307', '2023-05-30 02:27:43.307', 'QUERY_SRV', '', '', '获取Lot List', '{"JILOTLIST","HDR=QUERY_SRV,FANET,CRMCQ-MES-XP-12,FTP_SRV","CELL=OFFICE","WHERE="TEMPTYPE=''D''""}', '{"JILOTLISTR","HDR=QUERY_SRV,FANET,CRMCQ-MES-XP-12,FTP_SRV","RCD=0","CELL=OFFICE","EQP=","HOSTNAME=pqpri1","HEADER="Pri LOTID       QTY QUEUE-TIME       STAGE      PPID       PROCEDURE    INST OPERDESC       CR1 Ext""}', '{"JILOTLIST","HDR=QUERY_SRV,FANET,WIN10-OSF2,FTP_SRV,3.0.0.138,37","DATETIME=20230530103100","CELL=BAY-02A","WHERE="TEMPTYPE=''D''""}', '{"JILOTLISTR","HDR=QUERY_SRV,FANET,WIN10-OSF2,FTP_SRV,3.0.0.138,37","RCD=0","CELL=BAY-02A","EQP=","HOSTNAME=drmtst1","HEADER="Pri LOTID       QTY QUEUE-TIME       STAGE      PPID       PROCEDURE    INST OPERDESC       CR1 Ext"","FILE=/app/drmtest/listtmp/JL58957.3"}', 1);
INSERT INTO "ApiMessage" ("name", "func", "edition0", "sendto0", "received0", "edition1", "sendto1", "received1", "created_at", "updated_at", "hdr", "comment0", "comment1", "scenario", "send_p0", "received_p0", "send_p1", "received_p1", "scenario_no") VALUES('GETLOTINFO', 'Update Lot Comment', 'Xp', '05-30  10:32:54 [Send Data]270GETLOTINFO HDR=QUERY_SRV,FANET,CRMCQ-MES-XP-12,CLOTCMT  LOT=HUF01332.1 ', '05-30  10:32:54 [Received Data]GETLOTINFOR HDR=QUERY_SRV,FANET,CRMCQ-MES-XP-12,CLOTCMT RCD=0 PARENTID=HUF01332.1 ISPREPARED=N DCSPECID= HOLDDATE= HOLDUSER="" HOLDCODE= HOLDNOTE="" HOLDPASSWD= ORIGINALLOT=HUF01332.1 CHILDSEQNO=0 OWNER=PQ01391 CREATECODE= EQPTYPE=DOS ISDCREQUIRED=N ISIDENTIFIED=Y STARTQTY=25 ISECNLOT=N ISEJOBPREPED=N ISINSMIF=Y ISPLANNEDHOLD=N PLANNEDHOLDPROCEDUREID= PLANNEDHOLDOPERATIONID= PLANNEDHOLDINSTNUM= ISSAMPLED=N CATEGORY=NORMAL TEMPTYPE=  CST= DIEQUANITY=0 MAINEQPID= COMPONENTIDLIST=HUF01332.1,HUF01332.2,HUF01332.3,HUF01332.4,HUF01332.5,HUF01332.6,HUF01332.7,HUF01332.8,HUF01332.9,HUF01332.10,HUF01332.11,HUF01332.12,HUF01332.13,HUF01332.14,HUF01332.15,HUF01332.16,HUF01332.17,HUF01332.18,HUF01332.19,HUF01332.20,HUF01332.21,HUF01332.22,HUF01332.23,HUF01332.24,HUF01332.25 SAMPLEDDATA="" PREVPROCEDUREID=10V70AHUFHF_140_INITIAL_OXBF.01 PREVINSTNUM=1.00000 PREVOPERATIONID= NEXTPROCEDUREID=10V70AHUFHF_140_INITIAL_OXBF.01 NEXTINSTNUM=003.000 NEXTOPERATIONID=MSOACO.01 RECIPEID=KB36D13 EAPCHECK= NEWBOXTYPE=NONMETAL NEWPRTYPE=N TOPODTYPE= CHECKFLAG=N PPID_FLAG=N DOWNID= CONSTRAINTID= UPID= IDLEID= DEFAULT_CHAMBER= DIFF_BATCHLOT= BIGPARTICLE_DATA= TOTALPARTICLE_DATA= MEASUREWFR="" WAFERMOUNTERMSG=N MTYPE= LOTDIE=0 TCS_LAST= SPLITFUNCSHOWFLAG=0 MONITOR_MOTHER= MONITOR_PARTNUMBER= NONLOT_TIME= PARTICLE_SPEC= FUR_SINGLE= FUR_TOOL= FUR_PROCESS= PRE_SORTER= PRE_SORTER_LIST= PRE_SORTER_NUMBER= PRE_SPLIT_REASON= PRE_MERGE_TITLE="" PRE_MERGE_PROCDUREID= PRE_MERGE _STEP="" PRE_MERGE_INSTNUM= PRE_RWK_CODE= PRE_RWK_CMT="" PRE_RWK_TYPE= PRE_RWK_PROCDUREID= PRE_RWK_START= PRE_RWK_END= JIDBCHKCANCELFLAG=N SAMPLELOSSWAFER= BGD_FLAG= REVERSE_FLAG= SORTERMERGE_FLAG= MERGELOTLIST= BOOK_OTHERID= BOOK_QTYOTHER= BOOK_FLAG= PRODFLAG=Y VCUST_FLAG=A ORDERNUM=Q68XP DUMMYPART_FLAG= DUMMYOUT_FLAG= NON_FLAG=N SIDE_ACTUAL_COUNT=538976288 SIDE_TARGET= SIDE_ACTUAL_QTY= LOTNUMID= LOTADDTESTWAFER= BATCH_FLAG= KE803DUMMY= UN_USE_WAFER= USE_WAFER= CUR_WAFER= E_IRR= I_CAT= ED_ACTUAL_COUNT=538976288 ED_TARGET= SDLOTID= EDLOTID= RWK_FLAG=N PLY_FLAG=N PLANNEDHOLDREASON="" LOTDATA="LOT=HUF01332.1    CURRENTQTY=25    LOCATION=INFAB    HOSTLOCATION=FURNACE    LOTSTATE=WAIT    PROC=10V70AHUFHF_140_INITIAL_OXBF.01    INST=002.000    EQP=    EQPTYPE=DOS    OP=PFOAC9.01    PPID=KB36D13    PART=H70A650V01SFBF.01    RETICLE=    LOTTYPE=P1   CATEGORY=NORMAL    TEMPTYPE=     STK=B11D13-3    WIPRACKID=NOUPDATE    WIPRACKSLOT=1    PRIORITY=3    CLASS=NORMAL    BATCHID=    ENGNOTE=""   OPDESC="INITIAL OXIDATION"   STAGE="INITIAL OX"    DUEDATE=2023/05/10_08:52:00   JOBOUTDATE=2023/03/18_11:52:45    KEYPARM=""    LOTCMT=""    CUSTOMER="Q68X"    CR2="PROD"    STEPCMT="BACK UP TEST"" ', 'win10', '[2023-05-30  10:33:26,890] [    1] [INFO ] [WIN10-OSF2          ] [TcpMessage          ] : [SendMessage]:3101GETLOTINFO HDR=QUERY_SRV,FANET,WIN10-OSF2,CLOTCMT,3.0.0.138,39 DATETIME=20230530103326 LOT=HUF01332.1 ', '[2023-05-30  10:33:27,197] [    6] [INFO ] [WIN10-OSF2          ] [OSF.Api.Net.TcpServerListener] : [ReceiveMsg]: GETLOTINFOR HDR=QUERY_SRV,FANET,WIN10-OSF2,CLOTCMT,3.0.0.138,39 RCD=0 PARENTID=HUF01332.1 ISPREPARED=N DCSPECID= HOLDDATE= HOLDUSER="" HOLDCODE= HOLDNOTE="" HOLDPASSWD= ORIGINALLOT=HUF01332.1 CHILDSEQNO=0 OWNER=PQ01391 CREATECODE= EQPTYPE=DOS ISDCREQUIRED=N ISIDENTIFIED=Y STARTQTY=25 ISECNLOT=N ISEJOBPREPED=N ISINSMIF=Y ISPLANNEDHOLD=N PLANNEDHOLDPROCEDUREID= PLANNEDHOLDOPERATIONID= PLANNEDHOLDINSTNUM= ISSAMPLED=N CATEGORY=NORMAL TEMPTYPE=  CST= DIEQUANITY=0 MAINEQPID= COMPONENTIDLIST=HUF01332.1,HUF01332.2,HUF01332.3,HUF01332.4,HUF01332.5,HUF01332.6,HUF01332.7,HUF01332.8,HUF01332.9,HUF01332.10,HUF01332.11,HUF01332.12,HUF01332.13,HUF01332.14,HUF01332.15,HUF01332.16,HUF01332.17,HUF01332.18,HUF01332.19,HUF01332.20,HUF01332.21,HUF01332.22,HUF01332.23,HUF01332.24,HUF01332.25 SAMPLEDDATA="" PREVPROCEDUREID=10V70AHUFHF_140_INITIAL_OXBF.01 PREVINSTNUM=1.00000 PREVOPERATIONID= NEXTPROCEDUREID=10V70AHUFHF_140_INITIAL_OXBF.01 NEXTINSTNUM=003.000 NEXTOPERATIONID=MSOACO.01 RECIPEID=KB36D13 EAPCHECK= NEWBOXTYPE=NONMETAL NEWPRTYPE=N TOPODTYPE= CHECKFLAG=N PPID_FLAG=N DOWNID= CONSTRAINTID= UPID= IDLEID= DEFAULT_CHAMBER= DIFF_BATCHLOT= BIGPARTICLE_DATA= TOTALPARTICLE_DATA= MEASUREWFR="" WAFERMOUNTERMSG=N MTYPE= LOTDIE=0 TCS_LAST= SPLITFUNCSHOWFLAG=0 MONITOR_MOTHER= MONITOR_PARTNUMBER= NONLOT_TIME= PARTICLE_SPEC= FUR_SINGLE= FUR_TOOL= FUR_PROCESS= PRE_SORTER= PRE_SORTER_LIST= PRE_SORTER_NUMBER= PRE_SPLIT_REASON= PRE_MERGE_TITLE="" PRE_MERGE_PROCDUREID= PRE_MERGE_STEP="" PRE_MERGE_INSTNUM= PRE_RWK_CODE= PRE_RWK_CMT="" PRE_RWK_TYPE= PRE_RWK_PROCDUREID= PRE_RWK_START= PRE_RWK_END= JIDBCHKCANCELFLAG=N SAMPLELOSSWAFER= BGD_FLAG= REVERSE_FLAG= SORTERMERGE_FLAG= MERGELOTLIST= BOOK_OTHERID= BOOK_QTYOTHER= BOOK_FLAG= PRODFLAG=Y VCUST_FLAG=A ORDERNUM=Q68XP DUMMYPART_FLAG= DUMMYOUT_FLAG= NON_FLAG=N SIDE_ACTUAL_COUNT=0 SIDE_TARGET= SIDE_ACTUAL_QTY= LOTNUMID= LOTADDTESTWAFER= BATCH_FLAG= KE803DUMMY= UN_USE_WAFER= USE_WAFER= CUR_WAFER= E_IRR= I_CAT= ED_ACTUAL_COUNT=0 ED_TARGET= SDLOTID= EDLOTID= RWK_FLAG=N PLY_FLAG=N PLANNEDHOLDREASON="" LOTDATA="LOT=HUF01332.1    CURRENTQTY=25    LOCATION=INFAB    HOSTLOCATION=FURNACE    LOTSTATE=WAIT    PROC=10V70AHUFHF_140_INITIAL_OXBF.01    INST=002.000    EQP=    EQPTYPE=DOS    OP=PFOAC9.01    PPID=KB36D13    PART=H70A650V01SFBF.01    RETICLE=    LOTTYPE=P1   CATEGORY=NORMAL    TEMPTYPE=     STK=B11D13-3    WIPRACKID=NOUPDATE    WIPRACKSLOT=1    PRIORITY=3    CLASS=NORMAL    BATCHID=    ENGNOTE=""   OPDESC="INITIAL OXIDATION"   STAGE="INITIAL OX"    DUEDATE=2023/05/10_08:52:00   JOBOUTDATE=2023/03/18_11:52:45    KEYPARM=""    LOTCMT=""    CUSTOMER="Q68X"    CR2="PROD"    STEPCMT="BACK UP TEST""', '2023-05-30 02:37:44.942', '2023-05-30 02:37:44.942', 'QUERY_SRV', '', '', '输入Lot ID后回车', '{"GETLOTINFO","HDR=QUERY_SRV,FANET,CRMCQ-MES-XP-12,CLOTCMT","LOT=HUF01332.1"}', '{"GETLOTINFOR","HDR=QUERY_SRV,FANET,CRMCQ-MES-XP-12,CLOTCMT","RCD=0","PARENTID=HUF01332.1","ISPREPARED=N","DCSPECID=","HOLDDATE=","HOLDUSER=""","HOLDCODE=","HOLDNOTE=""","HOLDPASSWD=","ORIGINALLOT=HUF01332.1","CHILDSEQNO=0","OWNER=PQ01391","CREATECODE=","EQPTYPE=DOS","ISDCREQUIRED=N","ISIDENTIFIED=Y","STARTQTY=25","ISECNLOT=N","ISEJOBPREPED=N","ISINSMIF=Y","ISPLANNEDHOLD=N","PLANNEDHOLDPROCEDUREID=","PLANNEDHOLDOPERATIONID=","PLANNEDHOLDINSTNUM=","ISSAMPLED=N","CATEGORY=NORMAL","TEMPTYPE=","CST=","DIEQUANITY=0","MAINEQPID=","COMPONENTIDLIST=HUF01332.1,HUF01332.2,HUF01332.3,HUF01332.4,HUF01332.5,HUF01332.6,HUF01332.7,HUF01332.8,HUF01332.9,HUF01332.10,HUF01332.11,HUF01332.12,HUF01332.13,HUF01332.14,HUF01332.15,HUF01332.16,HUF01332.17,HUF01332.18,HUF01332.19,HUF01332.20,HUF01332.21,HUF01332.22,HUF01332.23,HUF01332.24,HUF01332.25","SAMPLEDDATA=""","PREVPROCEDUREID=10V70AHUFHF_140_INITIAL_OXBF.01","PREVINSTNUM=1.00000","PREVOPERATIONID=","NEXTPROCEDUREID=10V70AHUFHF_140_INITIAL_OXBF.01","NEXTINSTNUM=003.000","NEXTOPERATIONID=MSOACO.01","RECIPEID=KB36D13","EAPCHECK=","NEWBOXTYPE=NONMETAL","NEWPRTYPE=N","TOPODTYPE=","CHECKFLAG=N","PPID_FLAG=N","DOWNID=","CONSTRAINTID=","UPID=","IDLEID=","DEFAULT_CHAMBER=","DIFF_BATCHLOT=","BIGPARTICLE_DATA=","TOTALPARTICLE_DATA=","MEASUREWFR=""","WAFERMOUNTERMSG=N","MTYPE=","LOTDIE=0","TCS_LAST=","SPLITFUNCSHOWFLAG=0","MONITOR_MOTHER=","MONITOR_PARTNUMBER=","NONLOT_TIME=","PARTICLE_SPEC=","FUR_SINGLE=","FUR_TOOL=","FUR_PROCESS=","PRE_SORTER=","PRE_SORTER_LIST=","PRE_SORTER_NUMBER=","PRE_SPLIT_REASON=","PRE_MERGE_TITLE=""","PRE_MERGE_PROCDUREID=","_STEP=""","PRE_MERGE_INSTNUM=","PRE_RWK_CODE=","PRE_RWK_CMT=""","PRE_RWK_TYPE=","PRE_RWK_PROCDUREID=","PRE_RWK_START=","PRE_RWK_END=","JIDBCHKCANCELFLAG=N","SAMPLELOSSWAFER=","BGD_FLAG=","REVERSE_FLAG=","SORTERMERGE_FLAG=","MERGELOTLIST=","BOOK_OTHERID=","BOOK_QTYOTHER=","BOOK_FLAG=","PRODFLAG=Y","VCUST_FLAG=A","ORDERNUM=Q68XP","DUMMYPART_FLAG=","DUMMYOUT_FLAG=","NON_FLAG=N","SIDE_ACTUAL_COUNT=538976288","SIDE_TARGET=","SIDE_ACTUAL_QTY=","LOTNUMID=","LOTADDTESTWAFER=","BATCH_FLAG=","KE803DUMMY=","UN_USE_WAFER=","USE_WAFER=","CUR_WAFER=","E_IRR=","I_CAT=","ED_ACTUAL_COUNT=538976288","ED_TARGET=","SDLOTID=","EDLOTID=","RWK_FLAG=N","PLY_FLAG=N","PLANNEDHOLDREASON=""",""LOT=HUF01332.1","CURRENTQTY=25","LOCATION=INFAB","HOSTLOCATION=FURNACE","LOTSTATE=WAIT","PROC=10V70AHUFHF_140_INITIAL_OXBF.01","INST=002.000","EQP=","EQPTYPE=DOS","OP=PFOAC9.01","PPID=KB36D13","PART=H70A650V01SFBF.01","RETICLE=","LOTTYPE=P1","CATEGORY=NORMAL","TEMPTYPE=","STK=B11D13-3","WIPRACKID=NOUPDATE","WIPRACKSLOT=1","PRIORITY=3","CLASS=NORMAL","BATCHID=","ENGNOTE=""","OPDESC="INITIAL OXIDATION"","STAGE="INITIAL OX"","DUEDATE=2023/05/10_08:52:00","JOBOUTDATE=2023/03/18_11:52:45","KEYPARM=""","LOTCMT=""","CUSTOMER="Q68X"","CR2="PROD"","STEPCMT="BACK"}', '{"GETLOTINFO","HDR=QUERY_SRV,FANET,WIN10-OSF2,CLOTCMT,3.0.0.138,39","DATETIME=20230530103326","LOT=HUF01332.1"}', '{"GETLOTINFOR","HDR=QUERY_SRV,FANET,WIN10-OSF2,CLOTCMT,3.0.0.138,39","RCD=0","PARENTID=HUF01332.1","ISPREPARED=N","DCSPECID=","HOLDDATE=","HOLDUSER=""","HOLDCODE=","HOLDNOTE=""","HOLDPASSWD=","ORIGINALLOT=HUF01332.1","CHILDSEQNO=0","OWNER=PQ01391","CREATECODE=","EQPTYPE=DOS","ISDCREQUIRED=N","ISIDENTIFIED=Y","STARTQTY=25","ISECNLOT=N","ISEJOBPREPED=N","ISINSMIF=Y","ISPLANNEDHOLD=N","PLANNEDHOLDPROCEDUREID=","PLANNEDHOLDOPERATIONID=","PLANNEDHOLDINSTNUM=","ISSAMPLED=N","CATEGORY=NORMAL","TEMPTYPE=","CST=","DIEQUANITY=0","MAINEQPID=","COMPONENTIDLIST=HUF01332.1,HUF01332.2,HUF01332.3,HUF01332.4,HUF01332.5,HUF01332.6,HUF01332.7,HUF01332.8,HUF01332.9,HUF01332.10,HUF01332.11,HUF01332.12,HUF01332.13,HUF01332.14,HUF01332.15,HUF01332.16,HUF01332.17,HUF01332.18,HUF01332.19,HUF01332.20,HUF01332.21,HUF01332.22,HUF01332.23,HUF01332.24,HUF01332.25","SAMPLEDDATA=""","PREVPROCEDUREID=10V70AHUFHF_140_INITIAL_OXBF.01","PREVINSTNUM=1.00000","PREVOPERATIONID=","NEXTPROCEDUREID=10V70AHUFHF_140_INITIAL_OXBF.01","NEXTINSTNUM=003.000","NEXTOPERATIONID=MSOACO.01","RECIPEID=KB36D13","EAPCHECK=","NEWBOXTYPE=NONMETAL","NEWPRTYPE=N","TOPODTYPE=","CHECKFLAG=N","PPID_FLAG=N","DOWNID=","CONSTRAINTID=","UPID=","IDLEID=","DEFAULT_CHAMBER=","DIFF_BATCHLOT=","BIGPARTICLE_DATA=","TOTALPARTICLE_DATA=","MEASUREWFR=""","WAFERMOUNTERMSG=N","MTYPE=","LOTDIE=0","TCS_LAST=","SPLITFUNCSHOWFLAG=0","MONITOR_MOTHER=","MONITOR_PARTNUMBER=","NONLOT_TIME=","PARTICLE_SPEC=","FUR_SINGLE=","FUR_TOOL=","FUR_PROCESS=","PRE_SORTER=","PRE_SORTER_LIST=","PRE_SORTER_NUMBER=","PRE_SPLIT_REASON=","PRE_MERGE_TITLE=""","PRE_MERGE_PROCDUREID=","PRE_MERGE_STEP=""","PRE_MERGE_INSTNUM=","PRE_RWK_CODE=","PRE_RWK_CMT=""","PRE_RWK_TYPE=","PRE_RWK_PROCDUREID=","PRE_RWK_START=","PRE_RWK_END=","JIDBCHKCANCELFLAG=N","SAMPLELOSSWAFER=","BGD_FLAG=","REVERSE_FLAG=","SORTERMERGE_FLAG=","MERGELOTLIST=","BOOK_OTHERID=","BOOK_QTYOTHER=","BOOK_FLAG=","PRODFLAG=Y","VCUST_FLAG=A","ORDERNUM=Q68XP","DUMMYPART_FLAG=","DUMMYOUT_FLAG=","NON_FLAG=N","SIDE_ACTUAL_COUNT=0","SIDE_TARGET=","SIDE_ACTUAL_QTY=","LOTNUMID=","LOTADDTESTWAFER=","BATCH_FLAG=","KE803DUMMY=","UN_USE_WAFER=","USE_WAFER=","CUR_WAFER=","E_IRR=","I_CAT=","ED_ACTUAL_COUNT=0","ED_TARGET=","SDLOTID=","EDLOTID=","RWK_FLAG=N","PLY_FLAG=N","PLANNEDHOLDREASON=""",""LOT=HUF01332.1","CURRENTQTY=25","LOCATION=INFAB","HOSTLOCATION=FURNACE","LOTSTATE=WAIT","PROC=10V70AHUFHF_140_INITIAL_OXBF.01","INST=002.000","EQP=","EQPTYPE=DOS","OP=PFOAC9.01","PPID=KB36D13","PART=H70A650V01SFBF.01","RETICLE=","LOTTYPE=P1","CATEGORY=NORMAL","TEMPTYPE=","STK=B11D13-3","WIPRACKID=NOUPDATE","WIPRACKSLOT=1","PRIORITY=3","CLASS=NORMAL","BATCHID=","ENGNOTE=""","OPDESC="INITIAL OXIDATION"","STAGE="INITIAL OX"","DUEDATE=2023/05/10_08:52:00","JOBOUTDATE=2023/03/18_11:52:45","KEYPARM=""","LOTCMT=""","CUSTOMER="Q68X"","CR2="PROD"","STEPCMT="BACK"}', 1);
INSERT INTO "ApiMessage" ("name", "func", "edition0", "sendto0", "received0", "edition1", "sendto1", "received1", "created_at", "updated_at", "hdr", "comment0", "comment1", "scenario", "send_p0", "received_p0", "send_p1", "received_p1", "scenario_no") VALUES('GETSTARTCMT', 'Update Lot Comment', 'Xp', '05-30  10:32:54 [Send Data]290GETSTARTCMT HDR=CLOT_SRV,FANET,CRMCQ-MES-XP-12,CLOTCMT  LOT=HUF01332.1 OPERATOR=OSFPQ02068 ', '05-30  10:32:54 [Received Data]GETSTARTCMTR HDR=CLOT_SRV,FANET,CRMCQ-MES-XP-12,CLOTCMT RCD=0 LOT=HUF01332.1 CMT=""', '', '', '', '2023-05-30 02:37:44.942', '2023-05-30 02:37:44.942', 'CLOT_SRV', '', '', '输入Lot ID后回车', '{"GETSTARTCMT","HDR=CLOT_SRV,FANET,CRMCQ-MES-XP-12,CLOTCMT","LOT=HUF01332.1","OPERATOR=OSFPQ02068"}', '{"GETSTARTCMTR","HDR=CLOT_SRV,FANET,CRMCQ-MES-XP-12,CLOTCMT","RCD=0","LOT=HUF01332.1"}', '{}', '{}', 2);
INSERT INTO "ApiMessage" ("name", "func", "edition0", "sendto0", "received0", "edition1", "sendto1", "received1", "created_at", "updated_at", "hdr", "comment0", "comment1", "scenario", "send_p0", "received_p0", "send_p1", "received_p1", "scenario_no") VALUES('CHGOSFPASS', 'Change Password', 'Xp', '05-30  10:51:19 [Send Data]3113CHGOSFPASS HDR=CLOT_SRV,FANET,CRMCQ-MES-XP-12,COSFPASS  OPERATOR=OSFPQ02068 OLDPASS=XIAO2019.. NEWPASS=XIAO2019.. ', '05-30  10:51:19 [Received Data]CHGOSFPASSR HDR=CLOT_SRV,FANET,CRMCQ-MES-XP-12,COSFPASS RCD=0 OPERATOR=OSFPQ02068 PASSWORD=XIAO2019..', 'win10', '[2023-05-30  10:53:25,469] [    1] [INFO ] [WIN10-OSF2          ] [TcpMessage          ] : [SendMessage]:3144CHGOSFPASS HDR=CLOT_SRV,FANET,WIN10-OSF2,COSFPASS,3.0.0.138,42 DATETIME=20230530105325 OPERATOR=OSFPQ02068 OLDPASS=XIAO2019.. NEWPASS=XIAO2023.. ', '[2023-05-30  10:53:25,489] [    6] [INFO ] [WIN10-OSF2          ] [OSF.Api.Net.TcpServerListener] : [ReceiveMsg]: CHGOSFPASSR HDR=CLOT_SRV,FANET,WIN10-OSF2,COSFPASS,3.0.0.138,42 RCD=0 OPERATOR=OSFPQ02068 PASSWORD=XIAO2023..', '2023-05-30 02:51:07.494', '2023-05-30 02:51:07.494', 'CLOT_SRV', '', '', '修改密码', '{"CHGOSFPASS","HDR=CLOT_SRV,FANET,CRMCQ-MES-XP-12,COSFPASS","OPERATOR=OSFPQ02068","OLDPASS=XIAO2019..","NEWPASS=XIAO2019.."}', '{"CHGOSFPASSR","HDR=CLOT_SRV,FANET,CRMCQ-MES-XP-12,COSFPASS","RCD=0","OPERATOR=OSFPQ02068"}', '{"CHGOSFPASS","HDR=CLOT_SRV,FANET,WIN10-OSF2,COSFPASS,3.0.0.138,42","DATETIME=20230530105325","OPERATOR=OSFPQ02068","OLDPASS=XIAO2019..","NEWPASS=XIAO2023.."}', '{"CHGOSFPASSR","HDR=CLOT_SRV,FANET,WIN10-OSF2,COSFPASS,3.0.0.138,42","RCD=0","OPERATOR=OSFPQ02068"}', 1);
INSERT INTO "ApiMessage" ("name", "func", "edition0", "sendto0", "received0", "edition1", "sendto1", "received1", "created_at", "updated_at", "hdr", "comment0", "comment1", "scenario", "send_p0", "received_p0", "send_p1", "received_p1", "scenario_no") VALUES('GETLOTINFO', 'Move To Location', 'Xp', '05-30  10:57:09 [Send Data]271GETLOTINFO HDR=QUERY_SRV,FANET,CRMCQ-MES-XP-12,MOVTOLOC  LOT=HUF01332.1 ', '05-30  10:57:09 [Received Data]GETLOTINFOR HDR=QUERY_SRV,FANET,CRMCQ-MES-XP-12,MOVTOLOC RCD=0 PARENTID=HUF01332.1 ISPREPARED=N DCSPECID= HOLDDATE= HOLDUSER="" HOLDCODE= HOLDNOTE="" HOLDPASSWD= ORIGINALLOT=HUF01332.1 CHILDSEQNO=0 OWNER=PQ01391 CREATECODE= EQPTYPE=DOS ISDCREQUIRED=N ISIDENTIFIED=Y STARTQTY=25 ISECNLOT=N ISEJOBPREPED=N ISINSMIF=Y ISPLANNEDHOLD=N PLANNEDHOLDPROCEDUREID= PLANNEDHOLDOPERATIONID= PLANNEDHOLDINSTNUM= ISSAMPLED=N CATEGORY=NORMAL TEMPTYPE=  CST= DIEQUANITY=0 MAINEQPID= COMPONENTIDLIST=HUF01332.1,HUF01332.2,HUF01332.3,HUF01332.4,HUF01332.5,HUF01332.6,HUF01332.7,HUF01332.8,HUF01332.9,HUF01332.10,HUF01332.11,HUF01332.12,HUF01332.13,HUF01332.14,HUF01332.15,HUF01332.16,HUF01332.17,HUF01332.18,HUF01332.19,HUF01332.20,HUF01332.21,HUF01332.22,HUF01332.23,HUF01332.24,HUF01332.25 SAMPLEDDATA="" PREVPROCEDUREID=10V70AHUFHF_140_INITIAL_OXBF.01 PREVINSTNUM=1.00000 PREVOPERATIONID= NEXTPROCEDUREID=10V70AHUFHF_140_INITIAL_OXBF.01 NEXTINSTNUM=003.000 NEXTOPERATIONID=MSOACO.01 RECIPEID=KB36D13 EAPCHECK= NEWBOXTYPE=NONMETAL NEWPRTYPE=N TOPODTYPE= CHECKFLAG=N PPID_FLAG=N DOWNID= CONSTRAINTID= UPID= IDLEID= DEFAULT_CHAMBER= DIFF_BATCHLOT= BIGPARTICLE_DATA= TOTALPARTICLE_DATA= MEASUREWFR="" WAFERMOUNTERMSG=N MTYPE= LOTDIE=0 TCS_LAST= SPLITFUNCSHOWFLAG=0 MONITOR_MOTHER= MONITOR_PARTNUMBER= NONLOT_TIME= PARTICLE_SPEC= FUR_SINGLE= FUR_TOOL= FUR_PROCESS= PRE_SORTER= PRE_SORTER_LIST= PRE_SORTER_NUMBER= PRE_SPLIT_REASON= PRE_MERGE_TITLE="" PRE_MERGE_PROCDUREID= PRE_MERGE_STEP="" PRE_MERGE_INSTNUM= PRE_RWK_CODE= PRE_RWK_CMT="" PRE_RWK_TYPE= PRE_RWK_PROCDUREID= PRE_RWK_START= PRE_RWK_END= JIDBCHKCANCELFLAG=N SAMPLELOSSWAFER= BGD_FLAG= REVERSE_FLAG= SORTERMERGE_FLAG= MERGELOTLIST= BOOK_OTHERID= BOOK_QTYOTHER= BOOK_FLAG= PRODFLAG=Y VCUST_FLAG=A ORDERNUM=Q68XP DUMMYPART_FLAG= DUMMYOUT_FLAG= NON_FLAG=N SIDE_ACTUAL_COUNT=0 SIDE_TARGET= SIDE_ACTUAL_QTY= LOTNUMID= LOTADDTESTWAFER= BATCH_FLAG= KE803DUMMY= UN_USE_WAFER= USE_WAFER= CUR_WAFER= E_IRR= I_CAT= ED_ACTUAL_COUNT=0 ED_TARGET= SDLOTID= EDLOTID= RWK_FLAG=N PLY_FLAG=N PLANNEDHOLDREASON="" LOTDATA="LOT= HUF01332.1    CURRENTQTY=25    LOCATION=INFAB    HOSTLOCATION=FURNACE    LOTSTATE=WAIT    PROC=10V70AHUFHF_140_INITIAL_OXBF.01    INST=002.000    EQP=    EQPTYPE=DOS    OP=PFOAC9.01    PPID=KB36D13    PART=H70A650V01SFBF.01    RETICLE=    LOTTYPE=P1   CATEGORY=NORMAL    TEMPTYPE=     STK=B11D13-3    WIPRACKID=NOUPDATE    WIPRACKSLOT=1    PRIORITY=3    CLASS=NORMAL    BATCHID=    ENGNOTE=""   OPDESC="INITIAL OXIDATION"   STAGE="INITIAL OX"    DUEDATE=2023/05/10_08:52:00   JOBOUTDATE=2023/03/18_11:52:45    KEYPARM=""    LOTCMT="NEW CMT0"    CUSTOMER="Q68X"    CR2="PROD"    STEPCMT="BACK UP TEST""', 'win10', '[2023-05-30  10:58:03,049] [    1] [INFO ] [WIN10-OSF2          ] [TcpMessage          ] : [SendMessage]:3102GETLOTINFO HDR=QUERY_SRV,FANET,WIN10-OSF2,MOVTOLOC,3.0.0.138,46 DATETIME=20230530105803 LOT=HUF01332.1 ', '[2023-05-30  10:58:03,344] [   13] [INFO ] [WIN10-OSF2          ] [OSF.Api.Net.TcpServerListener] : [ReceiveMsg]: GETLOTINFOR HDR=QUERY_SRV,FANET,WIN10-OSF2,MOVTOLOC,3.0.0.138,46 RCD=0 PARENTID=HUF01332.1 ISPREPARED=N DCSPECID= HOLDDATE= HOLDUSER="" HOLDCODE= HOLDNOTE="" HOLDPASSWD= ORIGINALLOT=HUF01332.1 CHILDSEQNO=0 OWNER=PQ01391 CREATECODE= EQPTYPE=DOS ISDCREQUIRED=N ISIDENTIFIED=Y STARTQTY=25 ISECNLOT=N ISEJOBPREPED=N ISINSMIF=Y ISPLANNEDHOLD=N PLANNEDHOLDPROCEDUREID= PLANNEDHOLDOPERATIONID= PLANNEDHOLDINSTNUM= ISSAMPLED=N CATEGORY=NORMAL TEMPTYPE=  CST= DIEQUANITY=0 MAINEQPID= COMPONENTIDLIST=HUF01332.1,HUF01332.2,HUF01332.3,HUF01332.4,HUF01332.5,HUF01332.6,HUF01332.7,HUF01332.8,HUF01332.9,HUF01332.10,HUF01332.11,HUF01332.12,HUF01332.13,HUF01332.14,HUF01332.15,HUF01332.16,HUF01332.17,HUF01332.18,HUF01332.19,HUF01332.20,HUF01332.21,HUF01332.22,HUF01332.23,HUF01332.24,HUF01332.25 SAMPLEDDATA="" PREVPROCEDUREID=10V70AHUFHF_140_INITIAL_OXBF.01 PREVINSTNUM=1.00000 PREVOPERATIONID= NEXTPROCEDUREID=10V70AHUFHF_140_INITIAL_OXBF.01 NEXTINSTNUM=003.000 NEXTOPERATIONID=MSOACO.01 RECIPEID=KB36D13 EAPCHECK= NEWBOXTYPE=NONMETAL NEWPRTYPE=N TOPODTYPE= CHECKFLAG=N PPID_FLAG=N DOWNID= CONSTRAINTID= UPID= IDLEID= DEFAULT_CHAMBER= DIFF_BATCHLOT= BIGPARTICLE_DATA= TOTALPARTICLE_DATA= MEASUREWFR="" WAFERMOUNTERMSG=N MTYPE= LOTDIE=0 TCS_LAST= SPLITFUNCSHOWFLAG=0 MONITOR_MOTHER= MONITOR_PARTNUMBER= NONLOT_TIME= PARTICLE_SPEC= FUR_SINGLE= FUR_TOOL= FUR_PROCESS= PRE_SORTER= PRE_SORTER_LIST= PRE_SORTER_NUMBER= PRE_SPLIT_REASON= PRE_MERGE_TITLE="" PRE_MERGE_PROCDUREID= PRE_MERGE_STEP="" PRE_MERGE_INSTNUM= PRE_RWK_CODE= PRE_RWK_CMT="" PRE_RWK_TYPE= PRE_RWK_PROCDUREID= PRE_RWK_START= PRE_RWK_END= JIDBCHKCANCELFLAG=N SAMPLELOSSWAFER= BGD_FLAG= REVERSE_FLAG= SORTERMERGE_FLAG= MERGELOTLIST= BOOK_OTHERID= BOOK_QTYOTHER= BOOK_FLAG= PRODFLAG=Y VCUST_FLAG=A ORDERNUM=Q68XP DUMMYPART_FLAG= DUMMYOUT_FLAG= NON_FLAG=N SIDE_ACTUAL_COUNT=0 SIDE_TARGET= SIDE_ACTUAL_QTY= LOTNUMID= LOTADDTESTWAFER= BATCH_FLAG= KE803DUMMY= UN_USE_WAFER= USE_WAFER= CUR_WAFER= E_IRR= I_CAT= ED_ACTUAL_COUNT=0 ED_TARGET= SDLOTID= EDLOTID= RWK_FLAG=N PLY_FLAG=N PLANNEDHOLDREASON="" LOTDATA="LOT=HUF01332.1    CURRENTQTY=25    LOCATION=INFAB    HOSTLOCATION=FURNACE    LOTSTATE=WAIT    PROC=10V70AHUFHF_140_INITIAL_OXBF.01    INST=002.000    EQP=    EQPTYPE=DOS    OP=PFOAC9.01    PPID=KB36D13    PART=H70A650V01SFBF.01    RETICLE=    LOTTYPE=P1   CATEGORY=NORMAL    TEMPTYPE=     STK=B11D13-3    WIPRACKID=NOUPDATE    WIPRACKSLOT=1    PRIORITY=3    CLASS=NORMAL    BATCHID=    ENGNOTE=""   OPDESC="INITIAL OXIDATION"   STAGE="INITIAL OX"    DUEDATE=2023/05/10_08:52:00   JOBOUTDATE=2023/03/18_11:52:45    KEYPARM=""    LOTCMT="NEW CMT0"    CUSTOMER="Q68X"    CR2="PROD"    STEPCMT="BACK UP TEST""', '2023-05-30 02:54:59.646', '2023-05-30 02:54:59.646', 'QUERY_SRV', '', '', '输入Lot 然后回车', '{"GETLOTINFO","HDR=QUERY_SRV,FANET,CRMCQ-MES-XP-12,MOVTOLOC","LOT=HUF01332.1"}', '{"GETLOTINFOR","HDR=QUERY_SRV,FANET,CRMCQ-MES-XP-12,MOVTOLOC","RCD=0","PARENTID=HUF01332.1","ISPREPARED=N","DCSPECID=","HOLDDATE=","HOLDUSER=""","HOLDCODE=","HOLDNOTE=""","HOLDPASSWD=","ORIGINALLOT=HUF01332.1","CHILDSEQNO=0","OWNER=PQ01391","CREATECODE=","EQPTYPE=DOS","ISDCREQUIRED=N","ISIDENTIFIED=Y","STARTQTY=25","ISECNLOT=N","ISEJOBPREPED=N","ISINSMIF=Y","ISPLANNEDHOLD=N","PLANNEDHOLDPROCEDUREID=","PLANNEDHOLDOPERATIONID=","PLANNEDHOLDINSTNUM=","ISSAMPLED=N","CATEGORY=NORMAL","TEMPTYPE=","CST=","DIEQUANITY=0","MAINEQPID=","COMPONENTIDLIST=HUF01332.1,HUF01332.2,HUF01332.3,HUF01332.4,HUF01332.5,HUF01332.6,HUF01332.7,HUF01332.8,HUF01332.9,HUF01332.10,HUF01332.11,HUF01332.12,HUF01332.13,HUF01332.14,HUF01332.15,HUF01332.16,HUF01332.17,HUF01332.18,HUF01332.19,HUF01332.20,HUF01332.21,HUF01332.22,HUF01332.23,HUF01332.24,HUF01332.25","SAMPLEDDATA=""","PREVPROCEDUREID=10V70AHUFHF_140_INITIAL_OXBF.01","PREVINSTNUM=1.00000","PREVOPERATIONID=","NEXTPROCEDUREID=10V70AHUFHF_140_INITIAL_OXBF.01","NEXTINSTNUM=003.000","NEXTOPERATIONID=MSOACO.01","RECIPEID=KB36D13","EAPCHECK=","NEWBOXTYPE=NONMETAL","NEWPRTYPE=N","TOPODTYPE=","CHECKFLAG=N","PPID_FLAG=N","DOWNID=","CONSTRAINTID=","UPID=","IDLEID=","DEFAULT_CHAMBER=","DIFF_BATCHLOT=","BIGPARTICLE_DATA=","TOTALPARTICLE_DATA=","MEASUREWFR=""","WAFERMOUNTERMSG=N","MTYPE=","LOTDIE=0","TCS_LAST=","SPLITFUNCSHOWFLAG=0","MONITOR_MOTHER=","MONITOR_PARTNUMBER=","NONLOT_TIME=","PARTICLE_SPEC=","FUR_SINGLE=","FUR_TOOL=","FUR_PROCESS=","PRE_SORTER=","PRE_SORTER_LIST=","PRE_SORTER_NUMBER=","PRE_SPLIT_REASON=","PRE_MERGE_TITLE=""","PRE_MERGE_PROCDUREID=","PRE_MERGE_STEP=""","PRE_MERGE_INSTNUM=","PRE_RWK_CODE=","PRE_RWK_CMT=""","PRE_RWK_TYPE=","PRE_RWK_PROCDUREID=","PRE_RWK_START=","PRE_RWK_END=","JIDBCHKCANCELFLAG=N","SAMPLELOSSWAFER=","BGD_FLAG=","REVERSE_FLAG=","SORTERMERGE_FLAG=","MERGELOTLIST=","BOOK_OTHERID=","BOOK_QTYOTHER=","BOOK_FLAG=","PRODFLAG=Y","VCUST_FLAG=A","ORDERNUM=Q68XP","DUMMYPART_FLAG=","DUMMYOUT_FLAG=","NON_FLAG=N","SIDE_ACTUAL_COUNT=0","SIDE_TARGET=","SIDE_ACTUAL_QTY=","LOTNUMID=","LOTADDTESTWAFER=","BATCH_FLAG=","KE803DUMMY=","UN_USE_WAFER=","USE_WAFER=","CUR_WAFER=","E_IRR=","I_CAT=","ED_ACTUAL_COUNT=0","ED_TARGET=","SDLOTID=","EDLOTID=","RWK_FLAG=N","PLY_FLAG=N","PLANNEDHOLDREASON=""",""LOT=","CURRENTQTY=25","LOCATION=INFAB","HOSTLOCATION=FURNACE","LOTSTATE=WAIT","PROC=10V70AHUFHF_140_INITIAL_OXBF.01","INST=002.000","EQP=","EQPTYPE=DOS","OP=PFOAC9.01","PPID=KB36D13","PART=H70A650V01SFBF.01","RETICLE=","LOTTYPE=P1","CATEGORY=NORMAL","TEMPTYPE=","STK=B11D13-3","WIPRACKID=NOUPDATE","WIPRACKSLOT=1","PRIORITY=3","CLASS=NORMAL","BATCHID=","ENGNOTE=""","OPDESC="INITIAL OXIDATION"","STAGE="INITIAL OX"","DUEDATE=2023/05/10_08:52:00","JOBOUTDATE=2023/03/18_11:52:45","KEYPARM=""","LOTCMT="NEW CMT0"","CUSTOMER="Q68X"","CR2="PROD"","STEPCMT="BACK"}', '{"GETLOTINFO","HDR=QUERY_SRV,FANET,WIN10-OSF2,MOVTOLOC,3.0.0.138,46","DATETIME=20230530105803","LOT=HUF01332.1"}', '{"GETLOTINFOR","HDR=QUERY_SRV,FANET,WIN10-OSF2,MOVTOLOC,3.0.0.138,46","RCD=0","PARENTID=HUF01332.1","ISPREPARED=N","DCSPECID=","HOLDDATE=","HOLDUSER=""","HOLDCODE=","HOLDNOTE=""","HOLDPASSWD=","ORIGINALLOT=HUF01332.1","CHILDSEQNO=0","OWNER=PQ01391","CREATECODE=","EQPTYPE=DOS","ISDCREQUIRED=N","ISIDENTIFIED=Y","STARTQTY=25","ISECNLOT=N","ISEJOBPREPED=N","ISINSMIF=Y","ISPLANNEDHOLD=N","PLANNEDHOLDPROCEDUREID=","PLANNEDHOLDOPERATIONID=","PLANNEDHOLDINSTNUM=","ISSAMPLED=N","CATEGORY=NORMAL","TEMPTYPE=","CST=","DIEQUANITY=0","MAINEQPID=","COMPONENTIDLIST=HUF01332.1,HUF01332.2,HUF01332.3,HUF01332.4,HUF01332.5,HUF01332.6,HUF01332.7,HUF01332.8,HUF01332.9,HUF01332.10,HUF01332.11,HUF01332.12,HUF01332.13,HUF01332.14,HUF01332.15,HUF01332.16,HUF01332.17,HUF01332.18,HUF01332.19,HUF01332.20,HUF01332.21,HUF01332.22,HUF01332.23,HUF01332.24,HUF01332.25","SAMPLEDDATA=""","PREVPROCEDUREID=10V70AHUFHF_140_INITIAL_OXBF.01","PREVINSTNUM=1.00000","PREVOPERATIONID=","NEXTPROCEDUREID=10V70AHUFHF_140_INITIAL_OXBF.01","NEXTINSTNUM=003.000","NEXTOPERATIONID=MSOACO.01","RECIPEID=KB36D13","EAPCHECK=","NEWBOXTYPE=NONMETAL","NEWPRTYPE=N","TOPODTYPE=","CHECKFLAG=N","PPID_FLAG=N","DOWNID=","CONSTRAINTID=","UPID=","IDLEID=","DEFAULT_CHAMBER=","DIFF_BATCHLOT=","BIGPARTICLE_DATA=","TOTALPARTICLE_DATA=","MEASUREWFR=""","WAFERMOUNTERMSG=N","MTYPE=","LOTDIE=0","TCS_LAST=","SPLITFUNCSHOWFLAG=0","MONITOR_MOTHER=","MONITOR_PARTNUMBER=","NONLOT_TIME=","PARTICLE_SPEC=","FUR_SINGLE=","FUR_TOOL=","FUR_PROCESS=","PRE_SORTER=","PRE_SORTER_LIST=","PRE_SORTER_NUMBER=","PRE_SPLIT_REASON=","PRE_MERGE_TITLE=""","PRE_MERGE_PROCDUREID=","PRE_MERGE_STEP=""","PRE_MERGE_INSTNUM=","PRE_RWK_CODE=","PRE_RWK_CMT=""","PRE_RWK_TYPE=","PRE_RWK_PROCDUREID=","PRE_RWK_START=","PRE_RWK_END=","JIDBCHKCANCELFLAG=N","SAMPLELOSSWAFER=","BGD_FLAG=","REVERSE_FLAG=","SORTERMERGE_FLAG=","MERGELOTLIST=","BOOK_OTHERID=","BOOK_QTYOTHER=","BOOK_FLAG=","PRODFLAG=Y","VCUST_FLAG=A","ORDERNUM=Q68XP","DUMMYPART_FLAG=","DUMMYOUT_FLAG=","NON_FLAG=N","SIDE_ACTUAL_COUNT=0","SIDE_TARGET=","SIDE_ACTUAL_QTY=","LOTNUMID=","LOTADDTESTWAFER=","BATCH_FLAG=","KE803DUMMY=","UN_USE_WAFER=","USE_WAFER=","CUR_WAFER=","E_IRR=","I_CAT=","ED_ACTUAL_COUNT=0","ED_TARGET=","SDLOTID=","EDLOTID=","RWK_FLAG=N","PLY_FLAG=N","PLANNEDHOLDREASON=""",""LOT=HUF01332.1","CURRENTQTY=25","LOCATION=INFAB","HOSTLOCATION=FURNACE","LOTSTATE=WAIT","PROC=10V70AHUFHF_140_INITIAL_OXBF.01","INST=002.000","EQP=","EQPTYPE=DOS","OP=PFOAC9.01","PPID=KB36D13","PART=H70A650V01SFBF.01","RETICLE=","LOTTYPE=P1","CATEGORY=NORMAL","TEMPTYPE=","STK=B11D13-3","WIPRACKID=NOUPDATE","WIPRACKSLOT=1","PRIORITY=3","CLASS=NORMAL","BATCHID=","ENGNOTE=""","OPDESC="INITIAL OXIDATION"","STAGE="INITIAL OX"","DUEDATE=2023/05/10_08:52:00","JOBOUTDATE=2023/03/18_11:52:45","KEYPARM=""","LOTCMT="NEW CMT0"","CUSTOMER="Q68X"","CR2="PROD"","STEPCMT="BACK"}', 1);
INSERT INTO "ApiMessage" ("name", "func", "edition0", "sendto0", "received0", "edition1", "sendto1", "received1", "created_at", "updated_at", "hdr", "comment0", "comment1", "scenario", "send_p0", "received_p0", "send_p1", "received_p1", "scenario_no") VALUES('MOVEINVLOTLIST', 'Move To Location', 'Xp', '05-30  10:59:53 [Send Data]272MOVEINVLOTLIST HDR=QUERY_SRV,FANET,CRMCQ-MES-XP-12,FTP_SRV   CELL=OFFICE ', '05-30  10:59:53 [Received Data]MOVEINVLOTLISTR HDR=QUERY_SRV,FANET,CRMCQ-MES-XP-12,FTP_SRV RCD=0 CELL=OFFICE EQP= HOSTNAME=pqpri1 HEADER="LOTID       QYT   STKID        EQPTYPE     PRI PARTID           PROCEDURE    INST    OPER" FILE=/app/drmtest/listtmp/MV545801.1', 'win10', '[2023-05-30  10:59:10,386] [    1] [INFO ] [WIN10-OSF2          ] [TcpMessage          ] : [SendMessage]:3103MOVEINVLOTLIST HDR=QUERY_SRV,FANET,WIN10-OSF2,FTP_SRV,3.0.0.138,47 DATETIME=20230530105910 CELL=BAY-02A ', '[2023-05-30  10:59:10,566] [   13] [INFO ] [WIN10-OSF2          ] [OSF.Api.Net.TcpServerListener] : [ReceiveMsg]: MOVEINVLOTLISTR HDR=QUERY_SRV,FANET,WIN10-OSF2,FTP_SRV,3.0.0.138,47 RCD=0 CELL=BAY-02A EQP= HOSTNAME=drmtst1 HEADER="LOTID       QYT   STKID        EQPTYPE     PRI PARTID           PROCEDURE    INST    OPER" FILE=/app/drmtest/listtmp/MV58957.1 ', '2023-05-30 02:56:25.107', '2023-05-30 02:56:25.107', 'QUERY_SRV', '', '', '获取Lot list', '{"MOVEINVLOTLIST","HDR=QUERY_SRV,FANET,CRMCQ-MES-XP-12,FTP_SRV","CELL=OFFICE"}', '{"MOVEINVLOTLISTR","HDR=QUERY_SRV,FANET,CRMCQ-MES-XP-12,FTP_SRV","RCD=0","CELL=OFFICE","EQP=","HOSTNAME=pqpri1","HEADER="LOTID       QYT   STKID        EQPTYPE     PRI PARTID           PROCEDURE    INST    OPER""}', '{"MOVEINVLOTLIST","HDR=QUERY_SRV,FANET,WIN10-OSF2,FTP_SRV,3.0.0.138,47","DATETIME=20230530105910","CELL=BAY-02A"}', '{"MOVEINVLOTLISTR","HDR=QUERY_SRV,FANET,WIN10-OSF2,FTP_SRV,3.0.0.138,47","RCD=0","CELL=BAY-02A","EQP=","HOSTNAME=drmtst1","HEADER="LOTID       QYT   STKID        EQPTYPE     PRI PARTID           PROCEDURE    INST    OPER"","FILE=/app/drmtest/listtmp/MV58957.1"}', 1);
INSERT INTO "ApiMessage" ("name", "func", "edition0", "sendto0", "received0", "edition1", "sendto1", "received1", "created_at", "updated_at", "hdr", "comment0", "comment1", "scenario", "send_p0", "received_p0", "send_p1", "received_p1", "scenario_no") VALUES('MOVTOLOC', 'Move To Location', 'Xp', '05-30  11:00:59 [Send Data]3107MOVTOLOC HDR=CLOT_SRV,FANET,CRMCQ-MES-XP-12,MOVTOLOC  OPERATOR=OSFPQ02068 LOT=HUF01332.1 LOC=W/S CMT="TEST" ', '05-30  11:00:59 [Received Data]MOVTOLOCR HDR=CLOT_SRV,FANET,CRMCQ-MES-XP-12,MOVTOLOC RCD=1 ERR="INVALID_LOT_STATE: MOVE TO LOCATION can not be executed when LOT State is not Hold !"', 'win10', '[2023-05-30  11:02:48,987] [    1] [INFO ] [WIN10-OSF2          ] [TcpMessage          ] : [SendMessage]:3138MOVTOLOC HDR=CLOT_SRV,FANET,WIN10-OSF2,MOVTOLOC,3.0.0.138,49 DATETIME=20230530110248 OPERATOR=OSFPQ02068 LOT=HUF01332.1 LOC=W/S CMT="TEST" ', '[2023-05-30  11:02:49,002] [   18] [INFO ] [WIN10-OSF2          ] [OSF.Api.Net.TcpServerListener] : [ReceiveMsg]: MOVTOLOCR HDR=CLOT_SRV,FANET,WIN10-OSF2,MOVTOLOC,3.0.0.138,49 RCD=1 ERR="2023/05/29 22:51:40 [DREAMS ERROR]  INVALID_LOT_STATE: MOVE TO LOCATION can not be executed when LOT State is not Hold !"', '2023-05-30 02:59:49.293', '2023-05-30 02:59:49.293', 'CLOT_SRV', '', '', 'F2提交, Wait状态的Lot不能使用该功能', '{"MOVTOLOC","HDR=CLOT_SRV,FANET,CRMCQ-MES-XP-12,MOVTOLOC","OPERATOR=OSFPQ02068","LOT=HUF01332.1","LOC=W/S","CMT="TEST""}', '{"MOVTOLOCR","HDR=CLOT_SRV,FANET,CRMCQ-MES-XP-12,MOVTOLOC","RCD=1","ERR="INVALID_LOT_STATE:"}', '{"MOVTOLOC","HDR=CLOT_SRV,FANET,WIN10-OSF2,MOVTOLOC,3.0.0.138,49","DATETIME=20230530110248","OPERATOR=OSFPQ02068","LOT=HUF01332.1","LOC=W/S","CMT="TEST""}', '{"MOVTOLOCR","HDR=CLOT_SRV,FANET,WIN10-OSF2,MOVTOLOC,3.0.0.138,49","RCD=1","ERR="2023/05/29"}', 1);
INSERT INTO "ApiMessage" ("name", "func", "edition0", "sendto0", "received0", "edition1", "sendto1", "received1", "created_at", "updated_at", "hdr", "comment0", "comment1", "scenario", "send_p0", "received_p0", "send_p1", "received_p1", "scenario_no") VALUES('MOVTOLOC', 'Move To Location', 'Xp', '05-30  11:06:55 [Send Data]3107MOVTOLOC HDR=CLOT_SRV,FANET,CRMCQ-MES-XP-12,MOVTOLOC  OPERATOR=OSFPQ02068 LOT=HUF01332.1 LOC=W/S CMT="TEST" ', '05-30  11:07:25 [Received Data]MOVTOLOCR HDR=CLOT_SRV,FANET,CRMCQ-MES-XP-12,MOVTOLOC RCD=0 LOT=HUF01332.1 LOC=W/S OPERATOR=OSFPQ02068 CMT="TEST" JOBDATA="[HUF01332.1] ===> [W/S] MOVTOLOC Completed !! --------------------------------------------------------------------------------------------- LOTID=HUF01332.1 QUANTITY=25 LOT_STATE=HOLD PARTNUMBER=H70A650V01SFBF.01 PROCEDUREID=10V70AHUFHF_140_INITIAL_OXBF.01 INSTRUCTION=002.000 OPERATION=PFOAC9.01 OPERDESC=INITIAL OXIDATION EQPTYPE=DOS STAGE=INITIAL OX HOSTLOCATION=W/S CELLID=BAY-11A AREAID=TF STOCKERID=B11D13-3 LOT_TYPE=P1 CATEGORY=NORMAL TEMPTYPE=  NEXT_PROCEDURE=10V70AHUFHF_140_INITIAL_OXBF.01 NEXT_INSTNUM=003.000 NEXT_OPERATION=MSOACO.01 PRIORITY=3 LOCATION=INFAB WIPRACKID=NOUPDATE BINNO=1 "', 'win10', '[2023-05-30  11:08:38,013] [    1] [INFO ] [WIN10-OSF2          ] [TcpMessage          ] : [SendMessage]:3139MOVTOLOC HDR=CLOT_SRV,FANET,WIN10-OSF2,MOVTOLOC,3.0.0.138,56 DATETIME=20230530110838 OPERATOR=OSFPQ02068 LOT=HUF01332.1 LOC=ETCH CMT="TEST" ', '[2023-05-30  11:08:39,115] [   19] [INFO ] [WIN10-OSF2          ] [OSF.Api.Net.TcpServerListener] : [ReceiveMsg]: MOVTOLOCR HDR=CLOT_SRV,FANET,WIN10-OSF2,MOVTOLOC,3.0.0.138,56 RCD=0 LOT=HUF01332.1 LOC=ETCH OPERATOR=OSFPQ02068 CMT="TEST" JOBDATA="[HUF01332.1] ===> [ETCH] MOVTOLOC Completed !! --------------------------------------------------------------------------------------------- LOTID=HUF01332.1 QUANTITY=25 LOT_STATE=HOLD PARTNUMBER=H70A650V01SFBF.01 PROCEDUREID=10V70AHUFHF_140_INITIAL_OXBF.01 INSTRUCTION=002.000 OPERATION= OPERDESC= EQPTYPE= STAGE=INITIAL OX HOSTLOCATION=ETCH CELLID=BAY-11A AREAID=TF STOCKERID=B11D13-3 LOT_TYPE=P1 CATEGORY=NORMAL TEMPTYPE=  NEXT_PROCEDURE=10V70AHUFHF_140_INITIAL_OXBF.01 NEXT_INSTNUM=003.000 NEXT_OPERATION=MSOACO.01 PRIORITY=3 LOCATION=INFAB WIPRACKID=NOUPDATE BINNO=1 "', '2023-05-30 03:05:54.135', '2023-05-30 03:05:54.135', 'CLOT_SRV', '', '', 'F2 提交', '{"MOVTOLOC","HDR=CLOT_SRV,FANET,CRMCQ-MES-XP-12,MOVTOLOC","OPERATOR=OSFPQ02068","LOT=HUF01332.1","LOC=W/S","CMT="TEST""}', '{"MOVTOLOCR","HDR=CLOT_SRV,FANET,CRMCQ-MES-XP-12,MOVTOLOC","RCD=0","LOT=HUF01332.1","LOC=W/S","OPERATOR=OSFPQ02068","CMT="TEST"","JOBDATA="TEST" JOBDATA="[HUF01332.1] ===> [W/S] MOVTOLOC Completed !! --------------------------------------------------------------------------------------------- LOTID=HUF01332.1 QUANTITY=25 LOT_STATE=HOLD PARTNUMBER=H70A650V01SFBF.01 PROCEDUREID=10V70AHUFHF_140_INITIAL_OXBF.01 INSTRUCTION=002.000 OPERATION=PFOAC9.01 OPERDESC=INITIAL OXIDATION EQPTYPE=DOS STAGE=INITIAL OX HOSTLOCATION=W/S CELLID=BAY-11A AREAID=TF STOCKERID=B11D13-3 LOT_TYPE=P1 CATEGORY=NORMAL TEMPTYPE=  NEXT_PROCEDURE=10V70AHUFHF_140_INITIAL_OXBF.01 NEXT_INSTNUM=003.000 NEXT_OPERATION=MSOACO.01 PRIORITY=3 LOCATION=INFAB WIPRACKID=NOUPDATE BINNO=1 ""}', '{"MOVTOLOC","HDR=CLOT_SRV,FANET,WIN10-OSF2,MOVTOLOC,3.0.0.138,56","DATETIME=20230530110838","OPERATOR=OSFPQ02068","LOT=HUF01332.1","LOC=ETCH","CMT="TEST""}', '{"MOVTOLOCR","HDR=CLOT_SRV,FANET,WIN10-OSF2,MOVTOLOC,3.0.0.138,56","RCD=0","LOT=HUF01332.1","LOC=ETCH","OPERATOR=OSFPQ02068","CMT="TEST"","JOBDATA="TEST" JOBDATA="[HUF01332.1] ===> [ETCH] MOVTOLOC Completed !! --------------------------------------------------------------------------------------------- LOTID=HUF01332.1 QUANTITY=25 LOT_STATE=HOLD PARTNUMBER=H70A650V01SFBF.01 PROCEDUREID=10V70AHUFHF_140_INITIAL_OXBF.01 INSTRUCTION=002.000 OPERATION= OPERDESC= EQPTYPE= STAGE=INITIAL OX HOSTLOCATION=ETCH CELLID=BAY-11A AREAID=TF STOCKERID=B11D13-3 LOT_TYPE=P1 CATEGORY=NORMAL TEMPTYPE=  NEXT_PROCEDURE=10V70AHUFHF_140_INITIAL_OXBF.01 NEXT_INSTNUM=003.000 NEXT_OPERATION=MSOACO.01 PRIORITY=3 LOCATION=INFAB WIPRACKID=NOUPDATE BINNO=1 ""}', 1);
